Company Name,Target Status,Public Website Homepage URL,Domain from URL,Source,Street Address,City,State,Zipcode,Phone,Industries served -- Free text,Products and services offered -- Free text,Square footage (facility),Number of employees,Estimated Revenues (200K per empl),Years of operation,Ownership,Equipment (Yasda/Makino/Kern only),CNC 3-axis,CNC 5-axis,Spares/Repairs,Family business,User Notes,Jobs,Year Evidence URL,Year Evidence Snippet,Owner Evidence URL,Source URLs,First Seen,Last Seen,Last Update,Notes (Approach/Contacts/Info)
1 Source Design (One Source Group / MS-2 Partnership),CY,http://1-sourcedesign.com/,1-sourcedesign.com,AMBA,1024 Airport Industrial Dr.,Gadsden,AL,35904,(519) 627-6034,Automotive; plastic product development; die cast; glass encapsulation; RIM; injection molding tryouts,Tool builds; repairs & engineering changes; outsource machining; injection mold tryouts/molding; RIM molding; fixtures; glass encapsulation tools; die cast tooling; trim/coining dies,,,,35+,,,Yes,Yes,Yes,,,,,,,http://1-sourcedesign.com/|http://1-sourcedesign.com/about-1design.html|http://1-sourcedesign.com/about-ms2.html,8/26/2025 19:03,8/26/2025 19:03,8/26/2025 19:03,
Harris Precision Mold,CY,http://www.hpmold.com,hpmold.com,AMBA,1705 West 4th Street,Tempe,AZ,85281,(480) 731-3135,Medical; pharmaceutical; packaging,Class 101 plastic injection molds; multi-shot; unscrewing; shuttle; mold design/engineering; repair & tooling support,,,,,,,Yes,,Yes,,,,,,,http://www.hpmold.com|http://www.hpmold.com/about.html|http://www.hpmold.com/services.html|http://www.hpmold.com/jobs.html|http://www.hpmold.com/contact.html,8/26/2025 19:03,8/26/2025 19:03,8/26/2025 19:03,
M.R. Mold & Engineering,CY,http://www.mrmold.com,mrmold.com,AMBA,1150 Beacon Street,Brea,CA,92821,(714) 996-5511,Silicone (LSR); plastic; micro/overmold/insert,LSR molds; plastic molds; micro; overmolds; insert molds; cold runner systems; stuffer box; seals; robotics; design/engineering/QA,23000+,,,40,Founder: Rick Finnie,,,,,,,MOLD MAKER; moldmaker,,,,http://www.mrmold.com|https://www.mrmold.com/contact|https://www.mrmold.com/about|https://www.mrmold.com/careers|https://www.mrmold.com/companybackground,8/26/2025 19:03,8/26/2025 19:03,8/26/2025 19:03,
Prestige Mold,CY,http://www.prestigemold.com,prestigemold.com,AMBA,11040 Tacoma Drive,Rancho Cucamonga,CA,91730,(909) 980-6600,Precision injection molding (various industries),Precision injection molds; turnkey systems; advanced engineering/3D modeling; automation & robotics,,,,,,,,,,,,,,,,http://www.prestigemold.com|http://www.prestigemold.com/contact.php,8/26/2025 19:04,8/26/2025 19:04,8/26/2025 19:04,
Source One (Product Development Solutions),CY,http://www.source-one.net,source-one.net,AMBA,41691 Corporate Center Ct,Murrieta,CA,92562,#ERROR!,Defense; aerospace; medical; commercial,Product design & development; mold design; CNC machining; rapid prototyping; manufacturing; ISO 9001; AS9100,,,,,,Yes,,,,,,,,,,http://www.source-one.net,8/26/2025 19:04,8/26/2025 19:04,8/26/2025 19:04,
South Coast Mold,CY,http://www.southcoastmold.com,southcoastmold.com,AMBA,1852 McGaw,Irvine,CA,92614,(949) 253-2000,Aerospace; industrial gas turbines; automotive; electronics; medical; marine; commercial,Dies for investment casting (wax); soluble/core dies; fixtures; CAD modeling; CNC machining; reverse engineering; NX CAD/CAM,12000,,,52,Novak family leadership (Founder: Peter Novak; Director: Paul Novak),,Yes,,,Yes,,,,,,http://www.southcoastmold.com|http://www.southcoastmold.com/about-us|http://www.southcoastmold.com/equipment-list|http://www.southcoastmold.com/services|http://www.southcoastmold.com/contact-us|http://www.southcoastmold.com/contact-us/terms-conditions,8/26/2025 19:04,8/26/2025 19:04,8/26/2025 19:04,
Westec Plastics,CN,http://www.westecplastics.com,westecplastics.com,AMBA,6757 Las Positas Road,Livermore,CA,94551,(925) 454-3400,Medical; aerospace/defense; consumer; electronics; sports & recreation,Plastic injection molding; in-house tool room; ISO Class 8 clean rooms; assembly; welding; pad printing; laser engraving; real-time monitoring,46080,,,56,Family-owned; ISO 13485:2016,,,,,Yes,,,,,,http://www.westecplastics.com|https://www.westecplastics.com/contact-us/|https://www.westecplastics.com/about-us/|https://www.westecplastics.com/about-us/our-team/,8/26/2025 19:05,8/26/2025 19:05,8/26/2025 19:05,
PTA Plastics,CN,https://www.ptaplastics.com/,ptaplastics.com,AMBA,516 E. Industrial Park Rd,Oxford,CT,6478,(203) 888-0585,"Medical devices (surgical, diagnostics, drug delivery); defense; safety/security",DFM; mold design & engineering; custom injection molding; assembly & secondaries; overmolding; insert molding; cleanroom molding; rapid prototyping,,,,72,Employee-owned (since 2009),,,,,,,,,,,http://www.ptaplastics.com,8/26/2025 19:05,8/26/2025 19:05,8/26/2025 19:05,
"Ivanhoe Tool & Die Company, Inc.",,,,,,,,,,,,,,,,,,,,,,,,,,,http://ivanhoetool.com/is,8/26/2025 19:05,8/26/2025 19:05,8/26/2025 19:05,
Wepco Plastics,CN,https://wepcoplastics.com/,wepcoplastics.com,AMBA,27 Industrial Park Access Rd.,Middlefield,CT,6455,(860) 349-3407,Prototype & short-run molding; aerospace machining; fixturing; secondaries,"Design support; 3D printing; in-house tooling & mold building; molding (assembly, inserting, overmolding); rapid prototyping",,30,6000000,37+,Family-owned (Parmelee),,,,,Yes,,,,,,https://wepcoplastics.com/|https://wepcoplastics.com/about/|https://wepcoplastics.com/services/|https://wepcoplastics.com/contact-us/,8/26/2025 19:05,8/26/2025 19:05,8/26/2025 19:05,
"Westminster Tool, Inc.",CY,http://www.westminstertool.com,westminstertool.com,AMBA,23 Industrial Park Road,Plainfield,CT,6374,(860) 923-3200,Aerospace; medical device; defense; consumer packaging,Plastic injection mold manufacturing; precision machining; design engineering support; automation & mold qualification,,,,49,Family-owned,,Yes,Yes,,Yes,,,,,,http://www.westminstertool.com,8/26/2025 19:05,8/26/2025 19:05,8/26/2025 19:05,
Ameritech Die & Mold,CY,https://www.amdiemold.com/,amdiemold.com,AMBA,107 Knob Hill Road,Mooresville,NC,28117,(704) 664-0801,Automotive; safety; appliance; consumer goods,Engineering; project management; new mold builds; engineering changes; mold repairs; 5-axis machining; CNC EDM (wire); horizontal machining; gun drilling; welding; mold sampling,,,,40,,,,Yes,Yes,,,,,,,https://www.amdiemold.com/|https://www.amdiemold.com/about-us|https://www.amdiemold.com/about-us/video-virtual-tour|https://www.amdiemold.com/equipment|https://www.amdiemold.com/capabilities|https://www.amdiemold.com/careers|https://www.amdiemold.com/contact-us|https://www.amdiemold.com/contact-us/map-directions,8/26/2025 19:06,8/26/2025 19:06,8/26/2025 19:06,
Carson Tool & Mold,CY,http://www.carsonmold.com,carsonmold.com,AMBA,3070 Moon Station Road,Kennesaw,GA,30144,(770) 427-3716,Various incl. automotive/consumer/industrial,"Design & engineering; manufacturing; quality control; maintenance & repair; qualification testing (120T, 400T presses)",24000,,,80,"Family-owned (Owner/President: Chris Carson, 3rd generation)",,,,Yes,Yes,,,,,,http://www.carsonmold.com|http://www.carsonmold.com/capabilities|http://www.carsonmold.com/about-us|http://www.carsonmold.com/contact|http://www.carsonmold.com/capabilities/#design|http://www.carsonmold.com/capabilities/#manufacturing|http://www.carsonmold.com/capabilities/#quality|http://www.carsonmold.com/capabilities/#repair|http://www.carsonmold.com/capabilities/#testing|http://www.carsonmold.com/capabilities/#equipment,8/26/2025 19:06,8/26/2025 19:06,8/26/2025 19:06,
American Tool & Engineering (ATE),CY,http://www.atemold.com,atemold.com,AMBA,102 Industrial Parkway,Greene,IA,50636,(641) 816-4921,Blow molds; thermoform; twinsheet; pressure molds,Large/deep/complex/precise molds; 5-axis machining; Faro Arm 3D scanning; mold & pattern shops,15750,,,33,Family-owned; Founders: Dennis Hobson & Jerold Taylor,,,Yes,,Yes,,,,,,http://www.atemold.com,8/26/2025 19:06,8/26/2025 19:06,8/26/2025 19:06,
"Iowa Mold & Engineering, Inc.",CY,http://www.iowamold.com,iowamold.com,AMBA,102 Industrial Parkway,Greene,IA,50636,(641) 816-4921,Automotive; consumer products; industrial manufacturing; custom plastics,Plastic injection molds; compression molds; thermoform tooling; mold design & engineering; repair & maintenance; prototype & production tooling,,,,60,Family-owned,,,,Yes,Yes,,,,,,http://www.iowamold.com,8/26/2025 19:06,8/26/2025 19:06,8/26/2025 19:06,
MSI Mold Builders,CY,http://www.msimoldbuilders.com,msimoldbuilders.com,AMBA,12300 6th St SW,Cedar Rapids,IA,52404,(319) 848-7001,Automotive; power sport; agriculture; lawn & garden; medical equipment; heavy truck; material handling; RV; construction; office furniture,Injection; structural foam; RIM; blow; gas assist; structural web molds; steel & aluminum molds (incl. limited-run aluminum),HQ 47000; SC 20000,,,54,,,,,,,,,,,,http://www.msimoldbuilders.com|http://www.msimoldbuilders.com/about|http://www.msimoldbuilders.com/capabilities|http://www.msimoldbuilders.com/capabilities-overview|http://www.msimoldbuilders.com/equipment|http://www.msimoldbuilders.com/contact,8/26/2025 19:07,8/26/2025 19:07,8/26/2025 19:07,
Summit Mold,CY,http://www.summitmold.com,summitmold.com,AMBA,4200 W Seltice Way,Post Falls,ID,83854,(208) 777-7462,Various (precision tooling),"Design (Cimatron/SolidWorks/Mastercam); CNC machining (5-axis); EDM (sinker/wire, robotics-fed); CMM inspection; project management",27000,,,28,,,Yes,,,,,,,,,http://www.summitmold.com|https://www.summitmold.com/about|https://www.summitmold.com/capabilities|https://www.summitmold.com/contact,8/26/2025 19:07,8/26/2025 19:07,8/26/2025 19:07,
AC Mold & Die Company,CY,http://www.acmold.com,acmold.com,AMBA,1450 Summit Avenue,Plano,TX,75074,(972) 423-7557,Automotive; consumer products; electronics; industrial plastics,Precision plastic injection molds; tool & die; mold design & engineering; prototype & production tooling; mold repair & maintenance,,,,49,Family-owned,,,,Yes,Yes,,,,,,http://www.acmold.com,8/26/2025 19:07,8/26/2025 19:07,8/26/2025 19:07,
A1 Tool Corporation,CY,http://www.a1toolcorp.com,a1toolcorp.com,AMBA,1425 Armitage Ave,Melrose Park,IL,60160,(708) 345-5000,Custom injection molds; stack molds; 2-shot molds; OEM cradle-to-grave,Design & engineering; SET (domestic quality + intl cost); mold sampling (90T–3000T); OEM services,,,,79,,,,,,,,CNC Machinist; Machinist; Mold Maker; Openings listed,,,,http://www.a1toolcorp.com|https://www.a1toolcorp.com/about|https://www.a1toolcorp.com/careers|https://www.a1toolcorp.com/contact,8/26/2025 19:07,8/26/2025 19:07,8/26/2025 19:07,
Alchemy Precision,CY,http://www.alchemyprecision.com,alchemyprecision.com,AMBA,25 Western Industrial Drive,Cranston,RI,2921,(401) 946-5200,Medical devices; consumer products; electronics; automotive components,Precision plastic injection mold design & build; tight-tolerance tooling; complex multi-cavity & insert molds; mold repair/maintenance/engineering changes; CNC machining; EDM,,,,28,Privately owned,,Yes,,Yes,,,,,,,http://www.alchemyprecision.com,8/26/2025 19:08,8/26/2025 19:08,8/26/2025 19:08,
Angle Tool Works Inc.,,http://www.angletoolworks.com,angletoolworks.com,AMBA,,,,,,Plastics industry (general),ISO 9001:2015; state-of-the-art tooling; craftsmanship+innovation; trade shows (Pack Expo 2025),,,,64,Family-owned,,,,,Yes,,,,,,http://www.angletoolworks.com,8/26/2025 19:08,8/26/2025 19:08,8/26/2025 19:08,
Armin Tool & Manufacturing Co.,,http://www.armin-ind.com,armin-ind.com,AMBA,1500 N La Fox St.,South Elgin,IL,60177,(847) 742-1864,Caps & closures; medical; packaging,Injection mold design & manufacturing; repair; production mold sampling; apprenticeship program,,,,,Family-owned (3rd generation),,,,Yes,Yes,,Engineer; Machinist; Mold Maker,,,,http://www.armin-ind.com|http://www.armin-ind.com/about-armin-tool/|http://www.armin-ind.com/careers-atarmin-tool/|http://www.armin-ind.com/contact/,8/26/2025 19:08,8/26/2025 19:08,8/26/2025 19:08,
BA Die Mold,,http://www.badassmolds.com,badassmolds.com,AMBA,3685 Prairie Lake Court,Aurora,IL,60504,(630) 978-4747,Medical & dental; water filtration & plumbing; consumer; caps/closures & packaging; agriculture; lighting,Unscrewing & multi-action tooling; PERC™ electric rotating core; part design; solid modeling; mold design; prototype molds; sampling; first article inspections; short-run/pilot production; repairs/maintenance/ECs,,,,57,,,,Yes,Yes,Yes,,,,,,http://www.badassmolds.com|http://www.badassmolds.com/about-us/|http://www.badassmolds.com/services/|http://www.badassmolds.com/contact/,8/26/2025 19:08,8/26/2025 19:08,8/26/2025 19:08,
Chicago Mold Engineering,,http://www.chicagomold.com,chicagomold.com,AMBA,615 Stetson Ave.,St. Charles,IL,60174,(630) 584-1311,Automotive; appliances; building supplies; housewares; lawn & garden; sporting goods,Injection & compression molds (thermoset/thermoplastic); multi-shot; stack molds; engineering & CAD; gun drilling; CNC; EDM; 5-axis; polishing; ATOS/Blue Light; CMM; reverse engineering; sampling/validation/short-run; maintenance/refurbishment/troubleshooting,,,,81,,,,Yes,Yes,Yes,,,,,,http://www.chicagomold.com|http://www.chicagomold.com/services.asp|http://www.chicagomold.com/industries-served.asp|http://www.chicagomold.com/about-chicago-mold-engineering.asp|http://www.chicagomold.com/contact-chicago-mold-engineering.asp,8/26/2025 19:09,8/26/2025 19:09,8/26/2025 19:09,
Comet Die & Engraving Company,,http://www.cometdie.com,cometdie.com,AMBA,909 North Larch Avenue,Elmhurst,IL,60126,(630) 833-5600,Plastic injection industry (general),New mold construction; mold repair & revisions; texturing; contract machining; gun drilling,45000,60,,,Family-owned (4th generation leadership: T.J. & Michael Donlin),,,,Yes,Yes,,,,,,http://www.cometdie.com,8/26/2025 19:09,8/26/2025 19:09,8/26/2025 19:09,
Craftsman Tool & Mold,,http://www.craftsmanmold.com,craftsmanmold.com,AMBA,2750 Church Road,Aurora,IL,60502-9706,(630) 851-8700,Plastics; aerospace; medical; oil & gas; defense,Custom mold bases; stack/spin stack/multi-cavity bases; gun drilling; CNC machining; grinding; CAD/CAM integration; laser calibration/metrology,40000,,,60,,,,,,,,CNC Machinist; Machinist; OPERATOR; Openings listed,,,,http://www.craftsmanmold.com|http://www.craftsmanmold.com/about-us|http://www.craftsmanmold.com/about-us/quality-by-design|http://www.craftsmanmold.com/about-us/50th-anniversary|http://www.craftsmanmold.com/about-us/50th-anniversary/50th-anniversary-open-house|http://www.craftsmanmold.com/about-us/50th-anniversary/50th-anniversary-party|http://www.craftsmanmold.com/about-us/50th-anniversary/50th-anniversary-party-2|http://www.craftsmanmold.com/contact-us|http://www.craftsmanmold.com/contact-us/careers|http://www.craftsmanmold.com/contact-us/map-directions|http://www.craftsmanmold.com/contact-us/travel-info,8/26/2025 19:09,8/26/2025 19:09,8/26/2025 19:09,
Creative Die Mold Corp.,,http://www.creativediemold.com,creativediemold.com,AMBA,425 Windy Point Drive,Glendale Heights,IL,60139,(630) 790-9731,Plastic injection molds (general),Mold fabrication; precision machining; tooling automation; local delivery & nationwide service,26000,,,47,Family-owned,,,,Yes,Yes,,,,,,http://www.creativediemold.com|http://www.creativediemold.com/equipment#machining,8/26/2025 19:10,8/26/2025 19:10,8/26/2025 19:10,
DEMGY Group,,http://www.demgy.com,demgy.com,AMBA,,,,,,Aerospace; automotive; medical; defense; energy; sports & leisure,Sustainable plastics & composites; Multiplasturgy®; additive manufacturing; plastronics; injection molding; thermoforming; compression molding; polymer machining; metallization/coating/painting; composites; assembly,,,,,,,,,,,,,,,,http://www.demgy.com|https://www.demgy.com/en/contact-us|https://www.demgy.com/en/contactez-nous|https://www.demgy.com/en/datacomp/contact-us|https://www.demgy.com/en/atelier-3d/contact-us,8/26/2025 19:10,8/26/2025 19:10,8/26/2025 19:10,
Elba Tool & Die,,http://www.elbatool.com,elbatool.com,AMBA,Bloomingdale,IL,60108,(847) 895-4100,Automotive; aerospace; agriculture; medical; consumer & electrical; defense; heavy equipment; energy,Precision machining; die-cast dies; plastic injection molds; tool repair & maintenance; 5-axis CNC; EDM; value engineering; QC & inspection,,,,,,,,Yes,Yes,,,,,,,,http://www.elbatool.com,8/26/2025 19:10,8/26/2025 19:10,8/26/2025 19:10,
Electroform Company,,http://www.injectionmoldmaking.com,injectionmoldmaking.com,AMBA,11070 Raleigh Ct.,Rockford,IL,61115,(815) 633-1113,Packaging; medical; automotive; consumer; electronics,"Injection molds; automation; molding services; high-cavitation tooling; stack & multi-shot molds; insert molding; in-mold assembly & decorating; R&D (multi-shot, IML, decorating, assembly)",43000,,,37,,,,,,,,Mold Maker; Operator,,,,http://www.injectionmoldmaking.com|http://www.injectionmoldmaking.com/careers.php|http://www.injectionmoldmaking.com/contactus.php|http://www.injectionmoldmaking.com/contactus.htm,8/26/2025 19:11,8/26/2025 19:11,8/26/2025 19:11,
Foreman Tool & Mold,,http://www.foremantool.com,foremantool.com,AMBA,,,,,,Automotive (decorative interior & functional); industrial components,"Custom mold building; injection molding (22 presses, 28–500T); 3D CAD; Delcam/Mastercam; CNC; wire & sinker EDM; 7-axis machining; high cavitation complex molds (single, two-shot, insert, robot transfer); pad printing; assembly; hot runner technology",63000,,,41,Family-owned and operated,,,,,Yes,,,,,,http://www.foremantool.com|http://www.foremantool.com/capabilities|http://www.foremantool.com/capabilities/engineering|http://www.foremantool.com/capabilities/tooling|http://www.foremantool.com/capabilities/materials|http://www.foremantool.com/capabilities/quality-assurance|http://www.foremantool.com/capabilities/molding|http://www.foremantool.com/industries|http://www.foremantool.com/industries/automotive-decorative|http://www.foremantool.com/industries/industrial-components|http://www.foremantool.com/industries/automotive-functional|http://www.foremantool.com/about,8/26/2025 19:11,8/26/2025 19:11,8/26/2025 19:11,
Helm Tool Company,,http://www.helmtool.com,helmtool.com,AMBA,1420 Wright Blvd,Schaumburg,IL,60193,(847) 364-0855,Various incl. high-cavitation tools (national reputation),5-axis & high-speed milling; sink & wire EDM; grinding; mill-turn; waterjet; large-capacity machining; CMM inspection; prototyping; mold tryout; high-volume production,92000,,,48,,,,,Yes,,,engineer; machinist,,,,http://www.helmtool.com|https://www.helmtool.com/about|https://www.helmtool.com/services|https://www.helmtool.com/capabilities|https://www.helmtool.com/careers|https://www.helmtool.com/contact,8/26/2025 19:12,8/26/2025 19:12,8/26/2025 19:12,
Industrial Molds (Division of Pyramid Molding Group),,http://www.industrialmolds.com,industrialmolds.com,AMBA,5175 27th Avenue,Rockford,IL,61109,(815) 397-2971,Automotive; medical; appliance; industrial; electronics; packaging; recreational/lawn & garden,"ISO 9001; complex mold design; high-speed machining; in-house sampling; multi-shot & insert mold manufacturing; die cast & gas assist molding; large tools to 1,500T; repair & service",,,,,,,,,Yes,,,Engineer; Mold Maker,,,,http://www.industrialmolds.com|http://www.industrialmolds.com/careers|http://www.industrialmolds.com/contact,8/26/2025 19:12,8/26/2025 19:12,8/26/2025 19:12,
Janler Corporation,,http://www.janler.com,janler.com,AMBA,6545 N. Avondale Ave.,Chicago,IL,60631,(773) 774-0166,Medical; packaging; consumer products,"Engineering design; mold design/build; injection molding (35–500T, multi-shot, insert molding, IMD); testing/sampling/qualification; post-molding & assembly; ISO 9001:2015",,,,73,Family-owned,,,,,Yes,,,,,,http://www.janler.com|http://www.janler.com/about-us/|http://www.janler.com/contact,8/26/2025 19:12,8/26/2025 19:12,8/26/2025 19:12,
"M&M Tooling, Inc.",,http://www.mmtooling.com,mmtooling.com,AMBA,395 E. Potter,Wood Dale,IL,60191,(630) 595-8834,Mold base manufacturing (general),"Custom mold bases (35"" x 80""); Mazak CNC machining centers; precision/tight tolerances; associations (AMBA, TMA, etc.)",,,,,,,,,,,,,,,,http://www.mmtooling.com,8/26/2025 19:13,8/26/2025 19:13,8/26/2025 19:13,
Mako Mold Corp.,,http://www.makomold.com,makomold.com,AMBA,3820 Ohio Avenue - Unit 7,St. Charles,IL,60174,(630) 377-9010,Agriculture; automotive; appliance; consumer products; electronics; industrial; medical,"Injection mold manufacture; service; maintenance; refurbishment; CNC machining; wire & sinker EDM; grinding; lathes; CAD/CAM (Mastercam, SolidWorks, KeyCreator); laser engraving; inspection & metrology",,,,56,Family-owned and operated,,,,Yes,Yes,,,,,,http://www.makomold.com|https://www.makomold.com/equipmentlist|https://www.makomold.com/contactus,8/26/2025 19:13,8/26/2025 19:13,8/26/2025 19:13,
Matrix Plastic Products,,http://www.matrixplastic.com,matrixplastic.com,AMBA,949 A.E.C. Drive,Wood Dale,IL,60191,(630) 595-6144,Medical devices; electronics; safety-critical parts,"DFM (SolidWorks, Siemens NX); moldmaking (Class 101 production tools; micro & multi-component parts); injection molding (20–300T; cleanroom molding); inspection (CMM, OGP); development tooling; transfer/takeover tooling; prototyping (3D printing)",,,,47,,,,,,,,,,,,http://www.matrixplastic.com|http://www.matrixplastic.com/contact-us/request-a-quote|http://www.matrixplastic.com/services|http://www.matrixplastic.com/services/engineering-dfm|http://www.matrixplastic.com/services/moldmaking|http://www.matrixplastic.com/services/injection-molding-solving-problems-reducing-cycle-time-and-improving-yield|http://www.matrixplastic.com/services/inspection|http://www.matrixplastic.com/services/custom-manufacturing|http://www.matrixplastic.com/about-us|http://www.matrixplastic.com/about-us/our-history|http://www.matrixplastic.com/about-us/management-team|http://www.matrixplastic.com/about-us/matrix-in-the-news,8/26/2025 19:13,8/26/2025 19:13,8/26/2025 19:13,
"Pelco Tool & Mold, Inc.",,http://www.pelcotoolinc.com,pelcotoolinc.com,AMBA,181 Exchange Blvd.,Glendale Heights,IL,60139,(630) 871-1010,Electronics; automotive; closures; cosmetics; appliances,"New mold construction & conversions; preventive maintenance & repair; CNC; EDM; 5-axis machining; grinding; laser welding; design (Pro-E, SolidWorks, AutoCAD); documentation & reverse engineering",21000,35,7000000,60,Family-run (acquired 1991; 35 employees; $13M+ sales),,,Yes,Yes,Yes,,,,,,http://www.pelcotoolinc.com|http://www.pelcotoolinc.com/about|http://www.pelcotoolinc.com/services|http://www.pelcotoolinc.com/services/engineering|http://www.pelcotoolinc.com/services/repairs|http://www.pelcotoolinc.com/services/conversions-revisions|http://www.pelcotoolinc.com/services/preventive-maintenance|http://www.pelcotoolinc.com/facility|http://www.pelcotoolinc.com/contact,8/26/2025 19:14,8/26/2025 19:14,8/26/2025 19:14,
PM Mold,,http://www.pmmold.com,pmmold.com,AMBA,800 Estes Ave.,Schaumburg,IL,60193,(847) 923-5400,Medical devices; consumer packaging; automotive; electronics; global supply,"Full-service: product development & engineering; moldmaking (prototypes to 20,000 lb tools); injection molding (28–500T; IMD); rapid prototyping (3D printing); maintenance & secondary operations",43000,,,62,,,,,Yes,,,Openings listed,,,,http://www.pmmold.com|https://www.pmmold.com/contact|https://www.pmmold.com/about|https://www.pmmold.com/careers,8/26/2025 19:14,8/26/2025 19:14,8/26/2025 19:14,
Sullivan Tool & Repair Inc.,,http://www.sullivantool.net,sullivantool.net,AMBA,370 Brook St.,Elgin,IL,60120,(224) 856-5867,Injection mold repair & maintenance (general),Mold repair & revisions; engineering changes; welding & micro laser welding; laser engraving; preventive maintenance,,,,,,,,,Yes,,,,,,,http://www.sullivantool.net,8/26/2025 19:15,8/26/2025 19:15,8/26/2025 19:15,
Tri-Par Die and Mold Corporation,,http://www.tri-par.com,tri-par.com,AMBA,670 Sundown Rd,South Elgin,IL,60177,(630) 232-8800,Automotive; medical; electronics; water purification & filtration; consumer products,"Precision injection molding; contract manufacturing (assembly, packaging, distribution); precision tooling (design, build, maintenance, repair); proactive mold maintenance; appearance parts with complex geometry",58000,,,65,Family-owned,,,,Yes,Yes,,Machinist; Mold Maker,,,,http://www.tri-par.com|https://www.tri-par.com/about-us/|https://www.tri-par.com/contact-us/|https://www.tri-par.com/careers/|https://www.tri-par.com/markets-served/|http://www.tri-par.com/about-us/|http://www.tri-par.com/contact-us/|http://www.tri-par.com/careers/,8/26/2025 19:15,8/26/2025 19:15,8/26/2025 19:15,
B&D Manufacturing,,http://www.bdmfgmolds.com,bdmfgmolds.com,AMBA,2100 E Carter St,Kokomo,IN,46901,(765) 452-2761,Automotive; electronics; medical; plumbing; toys,Prototype & multi-cavity tooling; high-precision injection molds; compression-transfer molds; slides; two-shot; stripper plate; unscrewing; insert molds; hot manifolds; repair & maintenance; die-cast molds; jigs & fixtures; engineering-grade plastics; plating; mold texturing,,,,58,Family-owned,Makino,,,Yes,Yes,,,,,,http://www.bdmfgmolds.com|http://www.bdmfgmolds.com/about.html|http://www.bdmfgmolds.com/services.html|http://www.bdmfgmolds.com/contact.html,8/26/2025 19:15,8/26/2025 19:15,8/26/2025 19:15,
"Superior Plastics & Manufacturing (SPC Mfg., Inc.)",,http://www.spcmfg.com,spcmfg.com,AMBA,2600 Airport Road,Waterford,MI,48327,(248) 673-6900,Automotive; medical devices; consumer products; electronics; industrial components,"Full-service plastic injection molding; prototype & production tooling; secondary ops (pad printing, ultrasonic welding, assembly); engineering support; mold repair services; ISO 9001:2015",,,,,Family-owned (privately owned),,,,Yes,Yes,,,,,,http://www.spcmfg.com,8/26/2025 19:15,8/26/2025 19:15,8/26/2025 19:15,
"Decatur Mold Tool & Engineering, Inc.",,http://www.decaturmold.com,decaturmold.com,AMBA,3330 North State Highway 7,North Vernon,IN,47265,(812) 346-5188,Appliance; automotive; consumer; container; electronics; packaging; juvenile; medical; military (ITAR); building/construction,Production & prototype molds; MUD/bridge tools; repair; ECs; reverse engineering; custom machining incl. 3/5-axis CNC; sinker/wire EDM; gun drilling; grinding; polishing; heat treat; TIG/laser welding; sampling & low-volume molding; logistics,100000,,,,,,Yes,Yes,Yes,,,,,,,http://www.decaturmold.com|http://www.decaturmold.com/services|http://www.decaturmold.com/services-production-molds|http://www.decaturmold.com/services-prototype-molds|http://www.decaturmold.com/services-custom-machining|http://www.decaturmold.com/about-us|http://www.decaturmold.com/careers|http://www.decaturmold.com/contact-us,8/26/2025 19:16,8/26/2025 19:16,8/26/2025 19:16,
Lorentson Manufacturing,,http://www.lorentson.com,lorentson.com,AMBA,"1111 Rank Parkway, PO Box 932",Kokomo,IN,46903-0932,(765) 452-4425,Automotive (IATF production); various,Privately held family- & woman-owned; full in-house maintenance for life of tool; single-digit PPMs,,,,76,Family- & woman-owned,,,,Yes,Yes,,,,,,http://www.lorentson.com|http://www.lorentson.com/about-us.html|http://www.lorentson.com/contact.html,8/26/2025 19:16,8/26/2025 19:16,8/26/2025 19:16,
Michiana Global Mold (MG Mold),,http://www.mgmold.net,mgmold.net,AMBA,1702 East 7th Street,Mishawaka,IN,46544,(574) 259-6262,Various (complex plastic injection),Design & build complex molds; production molding; turnkey support; offshore tooling options (ISO 9001:2008 Shenzhen),,,,,,,,,,,,,,,,http://www.mgmold.net,8/26/2025 19:16,8/26/2025 19:16,8/26/2025 19:16,
North American Lighting (Koito Group),,http://www.nal.com,nal.com,AMBA,,,,,,Automotive lighting (Tier-1),Lighting systems design & manufacturing; multiple US plants; technical center; kaizen focus on safety,,,,,,,,,,,,,,,,http://www.nal.com,8/26/2025 19:16,8/26/2025 19:16,8/26/2025 19:16,
"Roembke Mfg. & Design, Inc.",,http://www.roembke.com,roembke.com,AMBA,1580 Baker Drive,Ossian,IN,46777,(260) 622-4135,Medical (LSR/HCR); thermoplastic,"LSR & HCR tooling/systems; FAT in-house; LSR parts to ~0.007 g; HCR compression/transfer/injection (various); thermoplastic molds; 2K (LSR-LSR; LSR-thermoplastic; overmold); proprietary Cold Deck (1–64 drops); QPS rapid iteration; turnkey cells (EOAT, robotics, training, pre-production, automation)",62000,,,48,,,,,Yes,,,,,,,http://www.roembke.com,8/26/2025 19:16,8/26/2025 19:16,8/26/2025 19:16,
SIMCO – Southern Indiana Mold Corp.,,http://www.soindmoldcorp.com,soindmoldcorp.com,AMBA,"2945 N. State Highway 3, P.O. Box 119",North Vernon,IN,47265,(812) 346-2622,Plastic mold design & manufacturing (general),Professional/ethical workplace; continuous improvement; customer-focused quality,,,,,,,,,,,,,,,,http://www.soindmoldcorp.com|http://www.soindmoldcorp.com/contact.php,8/26/2025 19:17,8/26/2025 19:17,8/26/2025 19:17,
ASH Industries,,http://www.ashindustries.com,ashindustries.com,AMBA,1330 W. Willow St.,Lafayette,LA,70506,(337) 235-0977,Medical; defense; industrial; electronics; startups/entrepreneurs,"Plastic injection molding (35–850T); metal injection molding (MIM); Liquid Silicone Rubber (LIM/LSR) molding; rotational molding; in-house toolroom (5-axis CNC, EDM); mold validation; DFM; assembly/packaging; low-volume/bridge; mold transfer support; ISO 13485 Class 7 cleanroom; ISO 9001 compliant",,,,,,,,Yes,,,,Openings listed,,,,http://www.ashindustries.com|https://www.ashindustries.com/about-ash-industries-molders|https://www.ashindustries.com/careers-at-ash|https://www.ashindustries.com/contact-ash,8/26/2025 19:17,8/26/2025 19:17,8/26/2025 19:17,
Prime Manufacturing Technologies,,http://www.primemfgtech.com,primemfgtech.com,AMBA,8735 Bollman Place,Savage,MD,20763,(301) 604-0900,Agriculture; automotive; construction; Department of Defense; technology; healthcare; telecommunication,Plastic injection molding; silicone molding; metal injection molding (MIM); CNC milling/turning; EDM; 6-axis robotic sub-assembly; composite casting (military); reverse engineering; RFID part tagging; selective 3D printing for quick-turn tooling,,,,,,,Yes,Yes,Yes,,,,,,,http://www.primemfgtech.com,8/26/2025 19:17,8/26/2025 19:17,8/26/2025 19:17,
"Accu-Die & Mold, Inc.",,http://www.accu-die.com,accu-die.com,AMBA,,,,,,Die casting (aluminum & magnesium),Engineering; design; construction; inspection; dies for 300–1600 ton; rapid prototypes to high-volume; high-speed machining; Wire & CNC EDM; 22 CNC machining centers; Zeiss CMM; laser welding; reverse engineering to 3D models,31000,,,34,,,Yes,Yes,Yes,,,,,,,http://www.accu-die.com|http://www.accu-die.com/aboutus.htm|http://www.accu-die.com/capabilities.htm|http://www.accu-die.com/contactus.htm,8/26/2025 19:17,8/26/2025 19:17,8/26/2025 19:17,
Baumann Tool & Die,,http://www.baumanntd.com,baumanntd.com,AMBA,,,,,(616) 772-6768,West Michigan customers (general),Prototype molding fixtures; CNC milling & turning; aluminum/Ren board urethane cast molds; inserts; automation components; low-volume molding; steel/aluminum/plastic parts,,,,30,,,Yes,,Yes,,,,,,,http://www.baumanntd.com,8/26/2025 19:17,8/26/2025 19:17,8/26/2025 19:17,
Best Tool & Engineering (BTE),,http://www.bteplastics.com,bteplastics.com,AMBA,34730 Nova Drive,Clinton Township,MI,48035,(586) 792-4119,Various incl. automotive/industrial/consumer,Plastic injection molding; plastic vibration welding; hot plate welding (tooling & production); in-house tool/mold build; fixtures; DFM; apprenticeship & CI culture,,,,34,,,Yes,,Yes,,,,,,,http://www.bteplastics.com|http://www.bteplastics.com/contact/,8/26/2025 19:18,8/26/2025 19:18,8/26/2025 19:18,
Byrne Tool + Design,,http://www.byrne-tool.com,byrne-tool.com,AMBA,316 Byrne Industrial Dr NE,Rockford,MI,49341,(616) 866-4479,Tool & die shop (general),Additive manufacturing; design; tooling services; rapid problem solving,,,,28,,,,,,,,,,,,http://www.byrne-tool.com,8/26/2025 19:18,8/26/2025 19:18,8/26/2025 19:18,
Classic Die,,http://www.classicdie.com,classicdie.com,AMBA,610 Plymouth NE,Grand Rapids,MI,49505,(616) 454-3760,Automotive; medical; dental; consumer,"Custom injection molds; mold repair (quick turn); custom CNC & EDM; gun drilling; mold sampling 30–700 ton; short-run production; laser welding; tools up to 10,000 lbs",,,,47,,,Yes,Yes,Yes,,,,,,,http://www.classicdie.com,8/26/2025 19:18,8/26/2025 19:18,8/26/2025 19:18,
Commercial Tool Group,,http://www.commercialtoolgroup.com,commercialtoolgroup.com,AMBA,5351 Rusche Dr NW,Comstock Park,MI,49321,(616) 785-8100,Automotive (interior/exterior); appliance; consumer goods; hardware; heavy truck; RV,"Injection molds (tryout 85–2,500 ton); compression molds; robotic automation cells; fixtures; tooling; gauges; vision systems; program management; feasibility & advanced engineering",,,,56,,,Yes,Yes,Yes,,,CNC Machinist; Machinist,,,,http://www.commercialtoolgroup.com|http://www.commercialtoolgroup.com/contact-us/|http://www.commercialtoolgroup.com/contact-commercial-tool-and-die/|http://www.commercialtoolgroup.com/contact-cg-plastics|http://www.commercialtoolgroup.com/contact-cg-automation-and-fixture|http://www.commercialtoolgroup.com/about-ctg/why-choose-us/|http://www.commercialtoolgroup.com/about-ctg/markets-served/|http://www.commercialtoolgroup.com/about-ctg/news|http://www.commercialtoolgroup.com/careers/|http://www.commercialtoolgroup.com/about-ctg/accreditations/|http://www.commercialtoolgroup.com/contact-us,8/26/2025 19:18,8/26/2025 19:18,8/26/2025 19:18,
CS Tool Engineering,,http://www.cste.com,cste.com,AMBA,,,,,,Precision plastic injection molds; metal fabrication,Full mold design/build; multi-axis CNC; automated robotic CNC cell; in-house welding (incl. Inconel/aluminum); machining; finishing; metrology/CMM; digital scanning; rapid prototyping; dedicated transport fleet,,,,57,,,Yes,,Yes,,,,,,,http://www.cste.com,8/26/2025 19:20,8/26/2025 19:20,8/26/2025 19:20,
"Deppe Mold and Tooling, Inc.",,http://www.deppemold.com,deppemold.com,AMBA,2814 Franklin Ave SW,Grandville,MI,49418,(616) 530-1331,Precision moldmaking,CNC machining; EDM (wire/sinker); mold making; design; polishing; 5-axis CNC (Makino D200Z automation); Makino F9/F5/S56/V55; Toshiba boring mill; hoist; pickup & delivery,,23,4600000,28,,Makino,Yes,Yes,Yes,,,,,,,http://www.deppemold.com,8/26/2025 19:20,8/26/2025 19:20,8/26/2025 19:20,
Die-Tech & Engineering,,http://www.dietech-gr.com,dietech-gr.com,AMBA,4620 Herman Ave. SW,Wyoming,MI,49509,(616) 530-9030,Tooling for various industries,Design-to-build tooling; CNC machining; die casting dies; urgent response programs,,,,56,,,Yes,,Yes,,,,,,,http://www.dietech-gr.com|http://www.dietech-gr.com/contact,8/26/2025 19:20,8/26/2025 19:20,8/26/2025 19:20,
"Eifel, Inc.",,http://www.eifel-inc.com,eifel-inc.com,AMBA,31071 Fraser Drive,Fraser,MI,48026,(586) 296-9640,Automotive; consumer goods; electronics; RV; EV; UTV/SxS,Full-service mold design & manufacturing; production molds; rapid prototypes; die-cast tooling; studio consulting; tryout support; on-site design reviews; advanced 5-axis CNC with zero-stock machining,,,,,,,Yes,Yes,Yes,,,Machinist,,,,http://www.eifel-inc.com|https://www.eifel-inc.com/careers/|https://www.eifel-inc.com/contact-us/|https://www.eifel-inc.com/industries/|http://www.eifel-inc.com/contact-us/,8/26/2025 19:20,8/26/2025 19:20,8/26/2025 19:20,
Team Elite,,http://teameliteonline.com,teameliteonline.com,AMBA,,,,,,,,Website placeholder,,,,,,,,,,,,,,,http://teameliteonline.com,8/26/2025 19:21,8/26/2025 19:21,8/26/2025 19:21,
Franchino Mold & Engineering,,http://www.franchino.com,franchino.com,AMBA,5599 West Grand River Avenue,Lansing,MI,48906,(517) 321-5609,Die-cast dies; plastic injection molds,"Engineering & design; contract machining; die & mold repair; tool building for 60–6,000 ton presses; medium to large tools up to 200,000 lbs",,,,70,,,Yes,Yes,Yes,,,,,,,http://www.franchino.com|http://www.franchino.com/contact/location/,8/26/2025 19:22,8/26/2025 19:22,8/26/2025 19:22,
Artiflex Manufacturing,,http://www.gendie.com,gendie.com,AMBA,2354 Bellingham Dr.,Troy,MI,48083,,Automotive; advanced manufacturing,Die tooling design & manufacturing; flexible robotic automation; body-in-white tooling; prototyping; low-volume production; ISO 9001; IATF 16949; ITAR,,,,,,,Yes,,,,,,,,,http://www.gendie.com,8/26/2025 19:22,8/26/2025 19:22,8/26/2025 19:22,
"H&S Mold, Inc.",,http://www.hs-mold.biz,hs-mold.biz,AMBA,,Gaylord,MI,49735,(989) 732-3566,Injection & hydroform molds,"CAD (SolidWorks, Mastercam); full-service design/build; CNC machining; EDM; wire EDM; gun drilling; mold sampling; short-run production; repair; grinders; lathes; presses; inspection instruments",10000,,,,Family-owned,,Yes,Yes,Yes,Yes,,,,,,http://www.hs-mold.biz|https://www.hs-mold.biz/services/|https://www.hs-mold.biz/equipment/|https://www.hs-mold.biz/contact-us/,8/26/2025 19:22,8/26/2025 19:22,8/26/2025 19:22,
Hanson International,,http://www.hansoninternational.com,hansoninternational.com,AMBA,,,,,,,,Website placeholder,,,,,,,,,,,,,,,http://www.hansoninternational.com,8/26/2025 19:23,8/26/2025 19:23,8/26/2025 19:23,
Johnson Precision Mold & Engineering,,https://www.johnsonmold.com/,johnsonmold.com,AMBA,1001 Haines Blvd.,Sturgis,MI,49091,(269) 651-2553,Injection molds (various),Custom injection molds; continuous growth; advanced equipment; workforce training,,,,34,,,Yes,,,,,,,,,https://www.johnsonmold.com/|https://www.johnsonmold.com/Equipment-Software|https://www.johnsonmold.com/equipment-software|https://www.johnsonmold.com/about-us|https://www.johnsonmold.com/contact-us,8/26/2025 19:23,8/26/2025 19:23,8/26/2025 19:23,
Krieger Craftsmen,,http://www.kriegercraftsmen.com,kriegercraftsmen.com,AMBA,2758 3 Mile Rd NW,Grand Rapids,MI,49534,(616) 735-9200,Automotive lighting; high-precision tooling,"High-cavitation; fast-cycle; tight-tolerance molds; stack; two-shot; unscrewing; prototypes; CAD/CAM (VISI, WorkNC); automation & robotics",,,,27,,,Yes,Yes,Yes,,,mold maker,,,,http://www.kriegercraftsmen.com|http://www.kriegercraftsmen.com/contact-us|http://www.kriegercraftsmen.com/manufacturing/equipment|http://www.kriegercraftsmen.com/about-us|http://www.kriegercraftsmen.com/about-us/video-virtual-tour|http://www.kriegercraftsmen.com/about-us/careers|http://www.kriegercraftsmen.com/about-us/global-tool-sourcing|http://www.kriegercraftsmen.com/about-us/2016-leadtime-leader|http://www.kriegercraftsmen.com/contact-us/data-transfer|http://www.kriegercraftsmen.com/about-us?view=article&id=18,8/26/2025 19:23,8/26/2025 19:23,8/26/2025 19:23,
Legacy Precision Molds,,http://www.legacyprecisionmolds.com,legacyprecisionmolds.com,AMBA,,,,,(616) 532-6536,Custom injection molds,New molds; engineering changes; mold repairs; custom machining; tight tolerances to 0.0005",,,,29,,,Yes,,Yes,,,,,,,http://www.legacyprecisionmolds.com,8/26/2025 19:24,8/26/2025 19:24,8/26/2025 19:24,
Liberty Molds,,http://www.libertymolds.com,libertymolds.com,AMBA,8631 Portage Industrial Drive,Portage,MI,49024,(269) 327-0997,Automotive interiors; appliance; medical; dental; consumer goods; furniture; hydraulic; military,Close-tolerance prototype & production tooling; shuttle; two-shot; hot runner; unscrewing; stack molds; precision machining; EDM (wire/sinker); hole drilling; ECs & repair; remote tryout viewing,13400,26,5200000,39,,,Yes,Yes,Yes,,,,,,,http://www.libertymolds.com|https://www.libertymolds.com/aboutus|https://www.libertymolds.com/equipmentlist|https://www.libertymolds.com/contact,8/26/2025 19:24,8/26/2025 19:24,8/26/2025 19:24,
MC Molds,,http://www.mcmolds.com,mcmolds.com,AMBA,845 Progress Court,Williamston,MI,48895,(517) 655-5481,Containers; plastics,Mold design (CAD modeling); container design; mold building; repair & refurbishing; trim tooling; detabbers,,,,,,,Yes,,Yes,,,,,,,http://www.mcmolds.com,8/26/2025 19:24,8/26/2025 19:24,8/26/2025 19:24,
Maximum Mold Group,,http://www.maximummoldgroup.com,maximummoldgroup.com,AMBA,,,Southwestern Michigan,,,Aerospace; agriculture; automotive; defense; health; military; appliance,Die cast & plastic injection molds; thermoplastic & thermoset compression molds; precision machined components; blow molds; prototyping; engineering; design; assembly & testing,,,,28,Family-owned,,,,,,,Machinist,,,,http://www.maximummoldgroup.com|http://www.maximummoldgroup.com/careers.htm|http://www.maximummoldgroup.com/contactus.htm,8/26/2025 19:24,8/26/2025 19:24,8/26/2025 19:24,
Clarion Technologies (Concept Molds),,http://www.conceptmolds.com,conceptmolds.com,AMBA,,,,,(616) 698-7277,Automotive; appliance; consumer,Two-shot; multi-shot; gas-assist; applique; overmolding; insert molding; integrated glass assemblies; decoration; formed glass; pad printing; hot stamping; hydrographics; vibration & ultrasonic welding; tooling management; product development,,,,,,,Yes,,Yes,,,,,,,http://www.conceptmolds.com,8/26/2025 19:25,8/26/2025 19:25,8/26/2025 19:25,
Midwest Die Corporation,,http://www.midwestdiecorp.net,midwestdiecorp.net,AMBA,9220 1st St,Baroda,MI,49101,(269) 422-2171,Die-cast dies: aluminum; zinc; magnesium; squeeze dies; multi-slide manifolds,"DFM & prototyping; cavity replacement; repairs & revisions; high-precision CNC (13 CNCs, 2 EDMs); conformal cooling & advanced cooling circuits; climate-controlled 20,000 sq ft facility",20000,,,35,,,Yes,,Yes,,,,,,,http://www.midwestdiecorp.net|http://www.midwestdiecorp.net/index.php/about-us|http://www.midwestdiecorp.net/index.php/services|http://www.midwestdiecorp.net/index.php/contact-us,8/26/2025 19:25,8/26/2025 19:25,8/26/2025 19:25,
"Model Die & Mold, Inc.",,http://www.modeldie.com,modeldie.com,AMBA,3859 Roger B Chaffee Memorial Dr SE,Wyoming,MI,49548,(616) 243-6996,Aerospace (carbon fiber); automotive; heavy truck; kitchen/bath; consumer; architectural; military & defense,Compression molds; injection molds; carbon fiber molds; die-cast dies; engineering; machining; mold sampling; repair; advanced CNC (27+ centers; 5-axis; gun drilling; EDM); 65+ skilled tradesmen,,,,59,Family-owned,,Yes,Yes,Yes,Yes,,,,,,http://www.modeldie.com|http://www.modeldie.com/about-us|http://www.modeldie.com/about-us/equipment-list|http://www.modeldie.com/about-us/the-team|http://www.modeldie.com/about-us/photo-gallery|http://www.modeldie.com/contact-us|http://www.modeldie.com/contact-us/map-directions|http://www.modeldie.com/contact-us/visitor-info,8/26/2025 19:25,8/26/2025 19:25,8/26/2025 19:25,
Paragon D&E,,http://www.paragonde.com,paragonde.com,AMBA,5225 33rd St. SE,Grand Rapids,MI,49512,(616) 949-2220,Automotive; heavy truck; aerospace; oil & gas; recreation; nuclear energy; military & defense; agriculture,Compression; injection; hydroform molds; RTM tooling; precision machining; nuclear waste packaging; tooling repair; low-volume production; contract machining; fixture engineering; mold tryouts; prototyping,170000,,,83,,,Yes,Yes,Yes,,,,,,,http://www.paragonde.com,8/26/2025 19:26,8/26/2025 19:26,8/26/2025 19:26,
"Precision Tool & Mold, LLC",,http://www.precisionmoldusa.com,precisionmoldusa.com,AMBA,620 Easy Street,Ironwood,MI,49938,(906) 932-3440,Consumer products; fasteners; industrial; medical; packaging,"High-precision multi-cavity molds; mold repair; revisions; contract manufacturing; in-house polishing & laser welding; high-speed milling; EDM; wire EDM; CAD/CAM (Pro-E, SolidWorks, Mastercam)",,,,28,Family-oriented,,Yes,Yes,Yes,Yes,,Openings listed,,,,http://www.precisionmoldusa.com|http://www.precisionmoldusa.com/industries-served.html|http://www.precisionmoldusa.com/equipment.html|http://www.precisionmoldusa.com/about-us.html|http://www.precisionmoldusa.com/contact-us.html|http://www.precisionmoldusa.com/careers.html,8/26/2025 19:26,8/26/2025 19:26,8/26/2025 19:26,
Quality Molds,,http://www.quality-molds.com,quality-molds.com,AMBA,,,,,,,,Website placeholder,,,,,,,,,,,,,,,http://www.quality-molds.com,8/26/2025 19:26,8/26/2025 19:26,8/26/2025 19:26,
"Select Tool & Die, Inc.",,http://www.select-tool.com,select-tool.com,AMBA,9170 First St.,Baroda,MI,49101,(269) 422-2812,Tooling & molds,"Prototype molds; die-cast tooling; aluminum & zinc production dies; plastic & rubber molds; repairs & engineering changes; core pin replacement; fixtures for machining/assembly/CMM; low/medium volume machining; CAD/CAM (Surfcam, Cimatron, SolidWorks)",,,,,,,Yes,,Yes,,,,,,,http://www.select-tool.com|http://www.select-tool.com/equipment.html|http://www.select-tool.com/contact.html,8/26/2025 19:26,8/26/2025 19:26,8/26/2025 19:26,
SyBridge Technologies (Action Mold),,http://www.actionmold.net,actionmold.net,AMBA,265 Spring Lake Drive,Itasca,IL,60143,(833) 824-1116,Life sciences; health & beauty; consumer products; aerospace; mobility & industrial,Design & engineering; 3D printing; tooling & mold manufacturing; advanced manufacturing & injection molding; reliability services; conformal cooling,,,,44,,,Yes,Yes,Yes,,,,,,,http://www.actionmold.net|http://www.actionmold.net/Capabilities,8/26/2025 19:26,8/26/2025 19:26,8/26/2025 19:26,
"TK Mold & Engineering, Inc.",,http://www.tkmoldeng.com,tkmoldeng.com,AMBA,131 Shafer Dr.,Romeo,MI,48065,(586) 752-5840,Automotive; medical; aerospace; defense; consumer goods; electric vehicles,"In-house design; CNC machining (3-, 4-, 5-axis); EDM (sinker with robotic cell); CMM quality; engineering changes & repairs; production molding (200/300/730 ton); production machining",,,,22,,,Yes,Yes,Yes,,,Mold Maker,,,,http://www.tkmoldeng.com|https://www.tkmoldeng.com/about|https://www.tkmoldeng.com/services|https://www.tkmoldeng.com/careers|https://www.tkmoldeng.com/contact,8/26/2025 19:27,8/26/2025 19:27,8/26/2025 19:27,
Venture Global Engineering,,http://www.ventureglobalengineering.com,ventureglobalengineering.com,AMBA,42500 Mound Rd,Sterling Heights,MI,48314,(586) 739-9542,Automotive; aerospace; medical; consumer; defense,Mold design & consulting; new mold builds; emergency repairs (24/7); secondary machine builds; shipping racks; imported tooling localization (100+ tools/yr); CNC machining; EDM; boring mills; spotting presses; multiple MI locations,,,,42,,,Yes,Yes,Yes,,,Openings listed,,,,http://www.ventureglobalengineering.com|https://www.ventureglobalengineering.com/about/|https://www.ventureglobalengineering.com/services/mold-design/|https://www.ventureglobalengineering.com/services/mold-design-consulting/|https://www.ventureglobalengineering.com/services/new-mold-builds/|https://www.ventureglobalengineering.com/services/mold-repair-engineering-changes/|https://www.ventureglobalengineering.com/services/imported-tooling/|https://www.ventureglobalengineering.com/services/secondary-assembly-equipment/|https://www.ventureglobalengineering.com/careers/|https://www.ventureglobalengineering.com/contact/|http://www.ventureglobalengineering.com/contact/#request-quote|http://www.ventureglobalengineering.com/services/mold-design/,8/26/2025 19:27,8/26/2025 19:27,8/26/2025 19:27,
Viking Tool & Engineering,,http://www.vikingtooleng.com,vikingtooleng.com,AMBA,2780 E Colby St,Whitehall,MI,49461,(231) 893-0031,Automotive; appliance; furniture; household; medical; electrical & infrastructure (compression),"New tool builds; engineering changes; repairs; compression molds; tool steels P20/H13; crane capacity 40,000 lbs",25000,,,70,,,Yes,,Yes,,,,,,,http://www.vikingtooleng.com,8/26/2025 19:28,8/26/2025 19:28,8/26/2025 19:28,
"Zero Tolerance, LLC",,http://www.zerotolerancecnc.com,zerotolerancecnc.com,AMBA,44695 Enterprise Drive,Clinton Township,MI,48038,(586) 630-3032,Medical; automotive; consumer; military,Plastic injection molds (design/build); 5-axis machining (Makino F5 5XR); YCM RX65; sinker & wire EDM; CNC programming/fixturing; 3D printing (plastic & metal); bench & spotting; CMM inspection,,,,19,,Makino,Yes,Yes,Yes,,,,,,,http://www.zerotolerancecnc.com|https://www.zerotolerancecnc.com/contact|https://www.zerotolerancecnc.com/about-us|https://www.zerotolerancecnc.com/services,8/26/2025 19:28,8/26/2025 19:28,8/26/2025 19:28,
"BME Tool, Inc.",,http://www.bmetool.biz,bmetool.biz,AMBA,101 Delaware St.,Lonsdale,MN,55046,(507) 744-5581,Automotive; consumer; medical; industrial,"Prototype & production molds (single/multi-cavity); mold repair & revisions (incl. offshore); custom machining; dies; fixtures; roller dies; CAD/CAM (SolidWorks, Mastercam)",,,,26,Family-owned (Vern & Paul Bongers),,Yes,Yes,Yes,Yes,,,,,,http://www.bmetool.biz|http://www.bmetool.biz/about-b-m-e-tool/|http://www.bmetool.biz/services/|http://www.bmetool.biz/equipment-software/|http://www.bmetool.biz/contact-us/|https://www.bmetool.biz/contact-us/|https://www.bmetool.biz/about-b-m-e-tool/|https://www.bmetool.biz/equipment-software/,8/26/2025 19:28,8/26/2025 19:28,8/26/2025 19:28,
Diamond Tool & Engineering,,http://www.diamondtande.com,diamondtande.com,AMBA,205 2nd Ave NW,Bertha,MN,56437,(218) 924-4024,Medical; electronics; automotive; consumer,Injection; LSR; MIM; insert; multi-shot; unscrewing; hot runner molds; DFM; 3D CAD/CAM; fill analysis; mold building; sampling; optimization; repair & maintenance; lean manufacturing,,,,36,,,Yes,Yes,Yes,,,,,,,http://www.diamondtande.com|https://www.diamondtande.com/about|https://www.diamondtande.com/services|https://www.diamondtande.com/contact,8/26/2025 19:29,8/26/2025 19:29,8/26/2025 19:29,
"Dynamic Group, Inc.",,http://www.dynamicgroup.com,dynamicgroup.com,AMBA,2000 13911 Unity St. NW,Ramsey,MN,55303,(763) 780-8674,Medical devices; firearms; industrial; agriculture; commercial,Precision injection molding (20–400T); custom mold tooling (plastic & metal); multi-shot & insert molding; assembly & packaging; prototype & short-run; EDM; CNC; grinding; welding; laser marking; ISO 13485; FDA registered; Class 7 & 8 cleanrooms,,,,47,Family-owned,,Yes,,Yes,Yes,,,,,,http://www.dynamicgroup.com|https://www.dynamicgroup.com/about/|https://www.dynamicgroup.com/about/employees/|https://www.dynamicgroup.com/about/facilities/|https://www.dynamicgroup.com/contact/|https://www.dynamicgroup.com/contact/rfq/,8/26/2025 19:29,8/26/2025 19:29,8/26/2025 19:29,
Excelsior Tool,,http://www.excelsiortool.com,excelsiortool.com,AMBA,,,,,,,,Website placeholder,,,,,,,,,,,,,,,http://www.excelsiortool.com,8/26/2025 19:29,8/26/2025 19:29,8/26/2025 19:29,
Mo-Tech Corporation,,http://www.mo-tech.com,mo-tech.com,AMBA,2920 Granada Ave N,Oakdale,MN,55128,(651) 770-1515,Automotive; consumer; aerospace; defense,Injection molds; die-cast dies (up to 1600 tons); mold bases; trim dies; fixtures; prototypes; design & engineering; CNC machining; EDM; inspection,,,,64,,,Yes,Yes,Yes,,,,,,,http://www.mo-tech.com|http://www.mo-tech.com/services|http://www.mo-tech.com/services#die-castdies|http://www.mo-tech.com/services#injectionmolds|http://www.mo-tech.com/services#Moldbases|http://www.mo-tech.com/services#Trimdies|http://www.mo-tech.com/services#Fixturetooling|http://www.mo-tech.com/services#Designandengineeringhelp|http://www.mo-tech.com/services#Prototypeparts|http://www.mo-tech.com/equipment|http://www.mo-tech.com/about-us|http://www.mo-tech.com/contact,8/26/2025 19:29,8/26/2025 19:29,8/26/2025 19:29,
Mold Craft,,http://www.mold-craft.com,mold-craft.com,AMBA,,,,,(651) 426-3216,Medical devices; electronics; consumer products; defense,Precision micro molds; custom injection molds; ±0.0001" tolerances; multi-mold high-cavitation projects; mold design/build/sampling; PQP (Precision Quality Process),,,,60,,,Yes,,Yes,,,,,,,http://www.mold-craft.com|http://www.mold-craft.com/about/#our-molds-arent-quite-perfect|http://www.mold-craft.com/about/#interchangeability|http://www.mold-craft.com/about/#high-cavitation|http://www.mold-craft.com/about/#ingenuity|http://www.mold-craft.com/about/community-involvement/|http://www.mold-craft.com/contact/start-a-project/,8/26/2025 19:30,8/26/2025 19:30,8/26/2025 19:30,
Mold-Tech Inc.,,http://www.mold-techinc.com,mold-techinc.com,AMBA,5166 Barthel Industrial Drive NE,Albertville,MN,55301,(763) 497-7500,Medical; automotive; consumer; defense; electronics,Close-tolerance injection molds; prototype/bridge/production; multi-cavity; hot runner; auto unscrewing; insert; stack; silicone; shuttle; multi-shot; MIM molds; full CAD/CAE/CAM; mold flow/warpage/thermal; CNC; wire & sinker EDM; hard milling; automation; polishing; laser welding/marking; ISO 9001; ITAR,,,,47,,,Yes,Yes,Yes,,,,,,,http://www.mold-techinc.com|http://www.mold-techinc.com/services|http://www.mold-techinc.com/services/engineering|http://www.mold-techinc.com/services/moldmaking|http://www.mold-techinc.com/services/quality|http://www.mold-techinc.com/services/mold-sampling|http://www.mold-techinc.com/services/additional-services|http://www.mold-techinc.com/capabilities|http://www.mold-techinc.com/capabilities/equipment|http://www.mold-techinc.com/careers|http://www.mold-techinc.com/contact,8/26/2025 19:31,8/26/2025 19:31,8/26/2025 19:31,
Moldworks Inc.,,http://www.moldworks.com,moldworks.com,AMBA,208 Maple Grove,Minnesota,MN,55369,(763) 493-3134,,,Company focused on tool design & manufacturing; confidentiality & quality emphasis,,,,,,,,,,,,,,,http://www.moldworks.com|http://www.moldworks.com/about-us|http://www.moldworks.com/contact-us,8/26/2025 19:31,8/26/2025 19:31,8/26/2025 19:31,
"Tolerance Tool, LLC",,http://www.tolerancetool.com,tolerancetool.com,AMBA,2263 McKnight Rd N.,Maplewood,MN,55109,(651) 770-5918,"Medical (pharma, diagnostics, implantables); automotive; consumer; energy; industrial",High-volume thermoplastic & silicone molds; micro; multi-shot; rotational; insert/overmold; CAD; CNC; EDM; inspection; grinding; prototype-to-production; legacy support; max press 500 ton,,,,44,,,Yes,Yes,Yes,,,,,,,http://www.tolerancetool.com,8/26/2025 19:32,8/26/2025 19:32,8/26/2025 19:32,
Adler / R&D Leverage US,,http://www.rdleverage.com,rdleverage.com,AMBA,1008 SE Browning St.,Lee’s Summit,MO,64081,(415) 329-6877,Medical; consumer; industrial,ISBM & IBM blow molds; custom multi-cavity injection molds (Class 101+); product solutions labs for validation; engineering; design; testing; sampling; 35+ patents,188000,,,49,,,Yes,,Yes,,,,,,,http://www.rdleverage.com,8/26/2025 19:32,8/26/2025 19:32,8/26/2025 19:32,
Vector Tool & Engineering,,http://www.vectortool.com,vectortool.com,AMBA,4208 E 135th St.,Grandview,MO,64030,(816) 966-1901,Injection molds (various),Plastic injection mold manufacturing; repairs & revisions; custom components; precision machining; mold sampling,30000,,,49,,,Yes,,Yes,,,,,,,http://www.vectortool.com,8/26/2025 19:32,8/26/2025 19:32,8/26/2025 19:32,
Ameritech Die & Mold,,http://www.amdiemold.com,amdiemold.com,AMBA,107 Knob Hill Road,Mooresville,NC,28117,(704) 664-0801,Automotive; aerospace; medical; consumer goods,Engineering; new mold builds; engineering changes; mold repairs; 5-axis machining; CNC EDM (wire & sinker); gun drilling; welding; mold sampling & validation; apprenticeship program,,,,40,,,Yes,Yes,Yes,,,,,,,http://www.amdiemold.com|http://www.amdiemold.com/about-us|http://www.amdiemold.com/about-us/video-virtual-tour|http://www.amdiemold.com/equipment|http://www.amdiemold.com/capabilities|http://www.amdiemold.com/careers|http://www.amdiemold.com/contact-us|http://www.amdiemold.com/contact-us/map-directions,8/26/2025 19:32,8/26/2025 19:32,8/26/2025 19:32,
Emerald Tool & Mold,,http://www.emeraldtoolandmold.com,emeraldtoolandmold.com,AMBA,106 Furlong Industrial Drive,Kernersville,NC,27284,(336) 996-6445,Plastics (precision),Injection mold design & construction; tight-tolerance tooling; engineering changes; spare tooling programs; repairs; 3D CAD (Pro-E); ISO 9001:2015,,,,28,,,Yes,,Yes,,,,,,,http://www.emeraldtoolandmold.com,8/26/2025 19:32,8/26/2025 19:32,8/26/2025 19:32,
"Superior Tooling, Inc.",,http://www.sti-nc.com,sti-nc.com,AMBA,2800 Superior Dr.,Wake Forest,NC,27587,(919) 570-9762,Medical; aerospace; automotive; packaging; consumer products,"Plastic injection molds; blow molds (ISBM, IBM); compression molds; die-cast dies; tooling, jigs & fixtures; CNC machining; EDM; validation services; apprenticeship training; ISO 9001:2015",,,,40,,,Yes,Yes,Yes,,,Openings listed,,,,http://www.sti-nc.com|http://www.sti-nc.com/careers#JobApp|http://www.sti-nc.com/about-us|http://www.sti-nc.com/about-us/industries-served|http://www.sti-nc.com/about-us/services|http://www.sti-nc.com/about-us/equipment-list|http://www.sti-nc.com/about-us/quality|http://www.sti-nc.com/about-us/quality/quality-assurance|http://www.sti-nc.com/careers|http://www.sti-nc.com/contact,8/26/2025 19:33,8/26/2025 19:33,8/26/2025 19:33,
Dramco Tool Co. Inc.,,http://www.dramcotool.com,dramcotool.com,AMBA,502 Claude Road,Grand Island,NE,68803,(308) 382-5251,Automotive; consumer; industrial,"Complex multi-shot injection molds; precision die manufacturing; custom machine building; design engineering & prototyping; CNC; EDM; 5-axis; grinding; waterjet; molds up to 1000 ton; 50+ employees; 37,000 sq ft",37000,50,10000000,47,,,Yes,Yes,Yes,,,CNC Machinist; CNC machinist; Machinist; Openings listed; machinist,,,,http://www.dramcotool.com|https://www.dramcotool.com/facility/|https://www.dramcotool.com/services/|https://www.dramcotool.com/equipment-list/|https://www.dramcotool.com/capabilities-showcase/|https://www.dramcotool.com/careers/|https://www.dramcotool.com/contact-us/|http://www.dramcotool.com/careers/|http://www.dramcotool.com/contact-us/,8/26/2025 19:33,8/26/2025 19:33,8/26/2025 19:33,
"L & Z Tool and Engineering, Inc.",,http://www.lztool.com,lztool.com,AMBA,1691 US Highway 22,Watchung,NJ,07069-6595,(908) 322-2220,Automotive; medical; consumer; military; packaging,Plastic injection molds; die-cast dies; engineering changes; repairs; modifications; 3D solid modeling & CAD; prototypes & precision tooling; CNC; EDM; grinding; welding; ISO 9001:2015,,,,72,,,Yes,,Yes,,,Openings listed; toolmaker,,,,http://www.lztool.com|http://www.lztool.com/facility.html|http://www.lztool.com/services.html|http://www.lztool.com/careers.html|http://www.lztool.com/contact-us.html,8/26/2025 19:34,8/26/2025 19:34,8/26/2025 19:34,
Lawrence Mold & Tool Corp.,,http://www.lawrencemoldandtool.com,lawrencemoldandtool.com,AMBA,690 Puritan Ave,Lawrence Township,NJ,8648,(609) 392-5422,Medical; consumer; industrial,"Single & multi-cavity plastic injection molds; CAD; multi-axis CNC vertical & horizontal milling; high-speed machining; sinker & wire EDM; CNC turning; in-house laser welding, polishing, grinding",,,,50+,,,Yes,Yes,Yes,,,,,,,http://www.lawrencemoldandtool.com,8/26/2025 19:34,8/26/2025 19:34,8/26/2025 19:34,
Natech Plastics (Thal Precision),,http://www.thalprecision.com,thalprecision.com,AMBA,3506 85 Remington Blvd,Ronkonkoma,NY,11779,(631) 580-3506,Medical diagnostics; life sciences; biotech; pharmaceuticals,Contract development & manufacturing; precision microstructure injection molding (down to 150nm); consumables & cartridges; laminate stack-ups; welding; filling & sealing; instrument development & software (IoT/cybersecurity); cleanroom manufacturing; FDA CGMP inspected; ISO 13485/9001/15378,,,,,Member of STRATEC Group,,Yes,,Yes,,,,,,,http://www.thalprecision.com|http://www.thalprecision.com/contact/|http://www.thalprecision.com/contact/#request-a-quote/,8/26/2025 19:34,8/26/2025 19:34,8/26/2025 19:34,
High Desert Tool,,http://www.highdeserttool.com,highdeserttool.com,AMBA,,Carson City,NV,89706,(775) 882-2701,Defense & aerospace; automotive; industrial,Plastic injection & compression molds; aerospace layup tooling; CNC machining centers; wire & sinker EDM; grinding; turning; boring; probing; CAD/CAM 3D design & verification; turnkey mold sampling & validation,8500,,,20+,,,Yes,,Yes,,,,,,,http://www.highdeserttool.com|http://www.highdeserttool.com/about.html|http://www.highdeserttool.com/services.html|http://www.highdeserttool.com/equipment.html|http://www.highdeserttool.com/contact.html,8/26/2025 19:34,8/26/2025 19:34,8/26/2025 19:34,
"Accede Mold & Tool Co., Inc.",,https://accedemold.com,accedemold.com,AMBA,1125 Lexington Avenue,Rochester,NY,14606,(585) 254-6490,Medical; pharmaceutical; labware; consumer & packaging; automotive; industrial & durables; military & aerospace,"High-performance injection molds: multi-shot, rotating cube, lift & rotate, stack, unscrewing, high cavitation; cleanroom sampling & validation; turnkey systems integration & automation; R&D/engineering/prototyping; precision machining, EDM, CNC, laser; AMBA 2024 Mold Builder of the Year; ISO 9001:2015",44000,,,44,Family-owned,,Yes,Yes,Yes,Yes,,,,,,https://accedemold.com|https://accedemold.com/about-us/|https://accedemold.com/industries/|https://accedemold.com/careers/|https://accedemold.com/contact/|https://accedemold.com/homepage-main/about-us/|https://accedemold.com/homepage-main/industries/|https://accedemold.com/homepage-main/contact/%20,8/26/2025 19:35,8/26/2025 19:35,8/26/2025 19:35,
Atalys,,http://www.atalys.com,atalys.com,AMBA,1667 Emerson Street,Rochester,NY,14606,(585) 647-2300,"Medical devices (surgical, IV, drug delivery); aerospace & defense; consumer & industrial",Tooling design & high-tolerance mold making; precision injection molding (micron-level); automated assembly & robotics; cleanroom manufacturing; advanced thermal management for reduced cycle times; program management; end-to-end integration,,,,,Vertically integrated platform,,Yes,Yes,Yes,,,,,,,http://www.atalys.com,8/26/2025 19:35,8/26/2025 19:35,8/26/2025 19:35,
"Turning Point Tool, LLC",,http://www.turningpointtool.com,turningpointtool.com,AMBA,135 Dodge Street,Rochester,NY,14606,(585) 288-7380,Aerospace; automotive; medical; optical; consumer products,Production & prototype injection molds; multi-cavity/family/2-shot/hot runner; CNC machining; wire & sinker EDM; fixtures; short-run machining; custom high-precision parts; ITAR certified,,,,19,,,Yes,,Yes,,,,,,,http://www.turningpointtool.com|http://www.turningpointtool.com/about|http://www.turningpointtool.com/services|http://www.turningpointtool.com/industries|http://www.turningpointtool.com/contact,8/26/2025 19:35,8/26/2025 19:35,8/26/2025 19:35,
BMG (Brown Machine Group / Freeman Company),,http://www.freemancompany.com,freemancompany.com,AMBA,330 N. Ross Street,Beaverton,MI,48612,(989) 435-7741,Food & beverage; consumer products; medical packaging; horticulture; industrial & e-commerce,"Thermoforming equipment & tooling; end-to-end automation; packaging solutions; high-speed robotic stacking/handling; turnkey process solutions; 140+ patents; 7,000+ thermoformers built",,,,70+,,,Yes,Yes,Yes,,,,,,,http://www.freemancompany.com|http://www.freemancompany.com/contact#global-presence|http://www.freemancompany.com/careers|http://www.freemancompany.com/contact,8/26/2025 19:36,8/26/2025 19:36,8/26/2025 19:36,
Colonial Machine,,http://www.colonial-machine.com,colonial-machine.com,AMBA,5859 Mogadore Road,Kent,OH,44240,(330) 673-5859,Housewares; appliances; food handling; packaging; electrical & gas fittings; material handling,"Custom mold manufacturing; injection, blow & compression molds; CNC machining/milling/turning; EDM; grinding; CMM inspection & metrology; ISO 9001 certified",,,,70+,,,Yes,,Yes,,,,,,,http://www.colonial-machine.com,8/26/2025 19:36,8/26/2025 19:36,8/26/2025 19:36,
"Cosar Mold, Inc.",,http://www.cosarmold.com,cosarmold.com,AMBA,PO Box 159,Kent,OH,44240,(330) 673-9510,Plastic injection; rubber; blow molds; die-cast,"Mold repairs & revisions; preventive maintenance; on-site repairs; welding; fitting; polishing; EDM; CNC machining; grinding; texture repair; plating; engraving; complex repairs up to 50,000 lbs; 15,000 sq ft facility",15000,,,40+,Family-founded (Steve & Al Rastetter),,Yes,,Yes,Yes,,,,,,http://www.cosarmold.com|http://www.cosarmold.com/equipment|http://www.cosarmold.com/services|http://www.cosarmold.com/services/preventative-maintenance-programs|http://www.cosarmold.com/services/mold-repairs-engineering-changes|http://www.cosarmold.com/services/on-site-repairs|http://www.cosarmold.com/about-us|http://www.cosarmold.com/careers|http://www.cosarmold.com/contact,8/26/2025 19:36,8/26/2025 19:36,8/26/2025 19:36,
"Eagle Mold Co., Inc.",,http://www.eaglemoldcompany.com,eaglemoldcompany.com,AMBA,,Carlisle,OH,,(937) 746-3331,Aerospace; automotive; medical; appliances; electronics,"Plastic injection molds; 5-axis high-speed CNC milling; wire & sinker EDM; ceramic core & wax pattern dies; graphite electrode machining; reverse engineering & CAD modeling; two facilities totaling 58,500 sq ft; ISO 9001:2015",58500,,,40+,,,Yes,Yes,Yes,,,,,,,http://www.eaglemoldcompany.com|https://www.eaglemoldcompany.com/about-us/|https://www.eaglemoldcompany.com/services/plastic-injection-molds/|https://www.eaglemoldcompany.com/services/cnc-high-speed-machining/|https://www.eaglemoldcompany.com/services/electrical-discharge-machining/|https://www.eaglemoldcompany.com/services/ceramic-core-and-wax-pattern-dies/|https://www.eaglemoldcompany.com/services/graphite-electrode-programming-and-machining/|http://www.eaglemoldcompany.com/contact-us-rfq/|http://www.eaglemoldcompany.com/services/plastic-injection-molds/|http://www.eaglemoldcompany.com/services/cnc-high-speed-machining/|http://www.eaglemoldcompany.com/services/electrical-discharge-machining/|http://www.eaglemoldcompany.com/services/ceramic-core-and-wax-pattern-dies/,8/26/2025 19:37,8/26/2025 19:37,8/26/2025 19:37,
The Minco Group (Minco Tool & Mold + ASPM),,http://www.mincogroup.com,mincogroup.com,AMBA,5690 Webster Street,Dayton,OH,45414,(937) 890-7905,Automotive; appliances; consumer; aerospace; defense; medical,"Mold design & manufacturing (multi-axis, high-speed, gun drilling, Moldflow); product qualification; injection molding (two-shot, insert, sequential gate, gas/vac assist, thin-wall, long glass fiber); secondary ops (welding, staking, pad printing, CNC); 202,000 sq ft molding facility with 90+ presses (55–1100T); ISO 9001:2015; ITAR; IATF 16949",202000,,,71,,,Yes,Yes,Yes,,,,,,,http://www.mincogroup.com|https://www.mincogroup.com/minco-tool-and-mold/capabilities/|https://www.mincogroup.com/minco-tool-and-mold/markets-served/|https://www.mincogroup.com/minco-tool-and-mold/equipment/|https://www.mincogroup.com/aspm/capabilities/|https://www.mincogroup.com/aspm/markets-we-serve/|https://www.mincogroup.com/aspm/equipment/|https://www.mincogroup.com/about-us/core-values/|https://www.mincogroup.com/about-us/history/|https://www.mincogroup.com/about-us/quality/|https://www.mincogroup.com/about-us/careers/|https://www.mincogroup.com/contact-us/,8/26/2025 19:37,8/26/2025 19:37,8/26/2025 19:37,
Penco Tool LLC,,http://www.pencotool.com,pencotool.com,AMBA,,,,,(440) 998-1116,Automotive; aerospace; consumer; industrial,Compression molds (preform & SMC fiberglass); thermoplastic injection molds; design & engineering support; ISO 9001 certified,,,,,Owner: Steven Pendleton,,Yes,,Yes,,,,,,,http://www.pencotool.com|http://www.pencotool.com/contact.html,8/26/2025 19:38,8/26/2025 19:38,8/26/2025 19:38,
"Pleasant Precision, Inc. (PPI)",,http://www.pleasantprecision.com,pleasantprecision.com,AMBA,,,,,(800) 860-3974,Medical; automotive; industrial automation; filtration; commercial fans,"Contract manufacturing (DFM, tooling, molding, assembly/welding/pad printing/kitting); injection molding (55–400T, cleanroom); mold making; extrusion (medical tubing, Class 100,000); Round Mate® interchangeable insert system; IATF 16949:2016",,,,46+,,,Yes,,Yes,,,,,,,http://www.pleasantprecision.com|http://www.pleasantprecision.com/contact-us/,8/26/2025 19:38,8/26/2025 19:38,8/26/2025 19:38,
"Tetra Mold & Tool, Inc.",,http://www.tetramold.com,tetramold.com,AMBA,,,,,,Automotive; appliances; electronics; medical; industrial,"Precision mold building & injection molding; mold repair (thermosets/thermoplastics); insert & over-molding; prototyping (3D printing, CNC, prototype molding); presses 35–500T; SPC/continuous improvement; IATF certified",,,,,,,Yes,,Yes,,,,,,,http://www.tetramold.com,8/26/2025 19:38,8/26/2025 19:38,8/26/2025 19:38,
TJAR Innovations LLC,,http://www.tjarinnovations.com,tjarinnovations.com,AMBA,1004 Cincinnati Ave,Xenia,OH,45385,(937) 347-1999,Defense; consumer; industrial; automotive,"Custom mold building (SolidWorks, Mastercam, CNC); injection molding (35–375T, low?high volume); rapid molding (3D printed tooling); production molding & assemblies; turnkey design?package; ISO quality systems; family-owned",,,,,Family-owned,,Yes,,Yes,Yes,,,,,,http://www.tjarinnovations.com|http://www.tjarinnovations.com/contact-us|http://www.tjarinnovations.com/services,8/26/2025 19:38,8/26/2025 19:38,8/26/2025 19:38,
"Buss Precision Mold, Inc.",,http://www.bussmold.com,bussmold.com,AMBA,13581 SE Ambler Road,Clackamas,OR,97015,(503) 652-5804,Medical; industrial; aerospace & defense; transportation; electronics; consumer products,"Mold design (complex parting lines, undercuts, unscrewing, conformal cooling); plastic injection mold building (24/7 lights-out); EDM; high-speed CNC; laser welding/engraving; project management; mold testing & qualification (FAI, pre-production); SPI Class 101–105; repair & refurbishment; ITAR compliant",,,,36+,,,Yes,Yes,Yes,,,Machinist; Moldmaker; Operator; Toolmaker,,,,http://www.bussmold.com|https://www.bussmold.com/capabilities/|https://www.bussmold.com/capabilities/process/|https://www.bussmold.com/capabilities/specifications/|https://www.bussmold.com/capabilities/specifications/spi-specifcations/|https://www.bussmold.com/capabilities/specifications/edm/|https://www.bussmold.com/capabilities/specifications/surface-finish-guide/|https://www.bussmold.com/about/|https://www.bussmold.com/about/careers/|https://www.bussmold.com/contact/|http://www.bussmold.com/contact/contact-us.html,8/26/2025 19:39,8/26/2025 19:39,8/26/2025 19:39,
"Crescent Industries, Inc.",,http://www.crescentind.com,crescentind.com,AMBA,70 East High Street,New Freedom,PA,17349,(717) 928-8291,Medical & pharmaceutical (Class I–III); military & defense; industrial/OEM,Mold design & DFM; custom injection molding (11–450T); ISO 7 cleanroom; assembly/kitting/welding/pad printing; automation & cobots; tooling & repair; ISO 13485; ITAR; FDA registered; family- & employee-owned,,,,79,Family- & employee-owned,,Yes,,Yes,Yes,,,,,,http://www.crescentind.com|https://www.crescentind.com/about-us|https://www.crescentind.com/markets|http://www.crescentind.com/contact-us|https://www.crescentind.com/contact-us,8/26/2025 19:39,8/26/2025 19:39,8/26/2025 19:39,
PRISM Plastics (Meadville Plant),,http://www.prismplastics.com/meadville,prismplastics.com,AMBA,1045 French Street,Meadville,PA,16335,(810) 292-6300,Automotive; industrial; consumer; medical,"Precision injection molding; tight tolerance parts; multi-site operations (MI, PA, TX, MX)",,,,,,,Yes,,,,,,,,,http://www.prismplastics.com/meadville|http://www.prismplastics.com/contact-us/,8/26/2025 19:40,8/26/2025 19:40,8/26/2025 19:40,
"Quality Mold, Inc.",,http://www.qualitymolderie.com,qualitymolderie.com,AMBA,8130 Hawthorne Drive,Erie,PA,16509,(814) 866-2255,Medical; automotive; consumer,"Prototype to high-cavitation production molds; design (servo & hydraulic unscrewing; two-shot; stack; core pulls); manufacturing & inspection (CMM, Zeiss Contura G2); prototyping & optional sampling via Quality Plastics; Class 101 tooling; ISO 9001:2015; family-owned (Tom & Barb Hakel)",16000,,,40,Family-owned,,Yes,Yes,Yes,Yes,,,,,,http://www.qualitymolderie.com|https://www.qualitymolderie.com/about/|https://www.qualitymolderie.com/about/history/|https://www.qualitymolderie.com/capabilities/|https://www.qualitymolderie.com/capabilities/mold-design/|https://www.qualitymolderie.com/capabilities/mold-manufacturing/|https://www.qualitymolderie.com/capabilities/mold-inspection/|https://www.qualitymolderie.com/capabilities/quality-plastics/|https://www.qualitymolderie.com/capabilities/videos/|https://www.qualitymolderie.com/industries/|https://www.qualitymolderie.com/contact/|http://www.qualitymolderie.com/about/,8/26/2025 19:40,8/26/2025 19:40,8/26/2025 19:40,
"Adler Rapid Mold (Rapid Mold Solutions, Inc.)",,http://www.rapidmoldsolutions.com,rapidmoldsolutions.com,AMBA,1008 SE Browning St,Lee's Summit,MO,64081,(415) 329-6877,Automotive; industrial; medical devices; consumer products,"Full-service injection mold manufacturer; 61,000 sq ft facility; fast turnaround prototypes & repairs; Product Solutions Lab for sampling, validation & process optimization; tool design & PM; short/medium production runs",61000,,,,,,Yes,,Yes,,,,,,,http://www.rapidmoldsolutions.com,8/26/2025 19:41,8/26/2025 19:41,8/26/2025 19:41,
Tessy Tooling,,https://www.tessytooling.com,tessytooling.com,AMBA,2113 E 30th Street,Erie,PA,16510,(814) 838-9777,Medical devices; pharmaceutical packaging & diagnostics; consumer & consumer healthcare,Engineering & mold design; manufacturing; quality assurance; lifecycle management; continuous improvement; continuation of Tessy Plastics’ family legacy,,,,,Family-owned legacy,,Yes,,,Yes,,,,,,https://www.tessytooling.com,8/26/2025 19:41,8/26/2025 19:41,8/26/2025 19:41,
JMMS Die & Mold,,http://www.jmmsinc.com,jmmsinc.com,AMBA,807 Sheffield Road,Easley,SC,29642,(864) 855-0450,Appliances; automotive; consumer products; electronics; lawn & garden; medical tech; power generation; power tools; returnable packaging,"Design/engineering/manufacturing; thermoplastic injection molds; zinc & aluminum die casting tooling; RIM; hybrid tooling; preventive maintenance, repairs & mods; cycle-time reduction & interchangeable inserts",,,,,,,Yes,,Yes,,,,,,,http://www.jmmsinc.com|http://www.jmmsinc.com/contact/|http://www.jmmsinc.com/industries/|http://www.jmmsinc.com/industries/appliances/|http://www.jmmsinc.com/industries/automotive/|http://www.jmmsinc.com/industries/consumer-products/|http://www.jmmsinc.com/industries/electronics/|http://www.jmmsinc.com/industries/lawn-garden/|http://www.jmmsinc.com/industries/medical/|http://www.jmmsinc.com/industries/power-generation/|http://www.jmmsinc.com/industries/power-tools/|http://www.jmmsinc.com/industries/returnable-packaging/,8/26/2025 19:41,8/26/2025 19:41,8/26/2025 19:41,
MSI Mold Builders,,http://www.msimoldbuilders.com,msimoldbuilders.com,AMBA,12300 6th St SW,Cedar Rapids,IA,52404,(319) 848-7001,Automotive; power sports; agriculture; lawn & garden; medical equipment; heavy truck; material handling; RV; construction; office furniture,Steel & aluminum injection molds; structural foam; gas assist; blow; structural web; aluminum for limited runs; design/build/repair; proactive comms,,,,54,,,Yes,Yes,Yes,,,,,,,http://www.msimoldbuilders.com|http://www.msimoldbuilders.com/about|http://www.msimoldbuilders.com/capabilities|http://www.msimoldbuilders.com/capabilities-overview|http://www.msimoldbuilders.com/equipment|http://www.msimoldbuilders.com/contact,8/26/2025 19:42,8/26/2025 19:42,8/26/2025 19:42,
United Tool & Mold Inc. (UTM),,http://www.utminc.com,utminc.com,AMBA,106 Financial Blvd.,Liberty,SC,29657,(864) 859-8300,Injection & blow molding industry,"Engineering changes; preventive maintenance; injection & blow mold repairs; laser welding & engraving; fluidized bed cleaning; on-site press repair; new tool build support; 60,000 sq ft HQ; cranes to 55 metric tons; AL facility up to 60,000 lbs; 24/7 emergency support",60000,,,30,,,Yes,,Yes,,,,,,,http://www.utminc.com|http://www.utminc.com/our-company/company-profile|http://www.utminc.com/contact,8/26/2025 19:42,8/26/2025 19:42,8/26/2025 19:42,
Prairie Tool Company,,http://www.prairietool.net,prairietool.net,AMBA,723 Commerce St.,Aberdeen,SD,57401,(605) 225-4028,Medical; consumer products; lawn & garden; agriculture; electronics; appliances,"Mold design & prototyping; production molds (steel, aluminum, stainless, MoldMAX, Ampco); multi-cavity, family, unscrewing; interchangeable cores/cavities; graphite electrode machining; 4-axis wire EDM; plunge EDM; 5-axis CNC; assembly & value-add",12000,,,36,,,Yes,Yes,Yes,,,,,,,http://www.prairietool.net,8/26/2025 19:43,8/26/2025 19:43,8/26/2025 19:43,
"Integrity Tennessee, Inc.",,http://www.integritytn.com,integritytn.com,AMBA,2071 Elkton Pike,Pulaski,TN,38478,(931) 207-8334,Automotive; consumer; industrial; Tier 2/3 support,Feasibility & product design; mold flow & design; injection mold manufacturing; repairs & engineering changes; tool launch & validation; transportation support; custom machining,,,,,Service-centric,,Yes,,Yes,,,,,,,http://www.integritytn.com|http://www.integritytn.com/services|http://www.integritytn.com/capabilities-1,8/26/2025 19:43,8/26/2025 19:43,8/26/2025 19:43,
Moldesign,,http://www.moldesign.com,moldesign.com,AMBA,4720 Middlebrook Pike,Knoxville,TN,37921,(865) 588-3774,Consumer; horticulture (Greenstalk Vertical Garden),Mold design & build; product launch assistance; hours Mon–Fri 8–5; creator of Greenstalk Vertical Garden,,,,,,,Yes,,Yes,,,,,,,http://www.moldesign.com,8/26/2025 19:43,8/26/2025 19:43,8/26/2025 19:43,
Detail Mold & Manufacturing LLC,,http://www.detailmold.com,detailmold.com,AMBA,14773 Ranch Road 2338,Georgetown,TX,78633,(512) 255-0525,Medical; industrial; consumer,"Engineering & design; CNC high-speed milling & turning; EDM (wire & sinker); laser welding & engraving; injection mold design, validation & production support; custom machining; ISO 9001:2015 & ISO 13485:2016; Class 8 cleanroom; lights-out automation",26000,,,35+,,,Yes,,Yes,,,,,,,http://www.detailmold.com|http://www.detailmold.com/about|http://www.detailmold.com/Careers|http://www.detailmold.com/contact|http://www.detailmold.com/contact/request-quote|http://www.detailmold.com/contact/contact|http://www.detailmold.com/about/whats-new-blog,8/26/2025 19:43,8/26/2025 19:43,8/26/2025 19:43,
Lowrance Machine Shop,,http://www.lowrancemachine.com,lowrancemachine.com,AMBA,13510 East Hardy Road,Houston,TX,77039,(281) 449-6524,Rubber & plastic molding; automotive; oil & gas; industrial,"CNC & manual machining; custom mold design & building (rubber & plastic; compression/transfer/injection); mold repairs; inserts; reverse engineering; engineered components; special fasteners; industrial repair; value-add (heat treat, coatings, NDT, welding, EDM, testing); ISO 9001:2015; family-owned (3 generations)",,,,,Family-owned (since 1964),,Yes,,Yes,Yes,,,,,,http://www.lowrancemachine.com|http://www.lowrancemachine.com/about|http://www.lowrancemachine.com/capabilities|http://www.lowrancemachine.com/equipment|http://www.lowrancemachine.com/contact|http://www.lowrancemachine.com/industries|http://www.lowrancemachine.com/jobs,8/26/2025 19:44,8/26/2025 19:44,8/26/2025 19:44,
"Schaefer Mold, Inc.",,http://www.schaefermold.com,schaefermold.com,AMBA,2358 Blue Smoke Court N.,Fort Worth,TX,76105,(817) 534-7461,Automotive; consumer; industrial; medical (implied),Mold design & manufacturing; experienced leadership & design staff,,,,,,,Yes,,Yes,,,,,,,http://www.schaefermold.com|http://www.schaefermold.com/about|http://www.schaefermold.com/services|http://www.schaefermold.com/contact,8/26/2025 19:44,8/26/2025 19:44,8/26/2025 19:44,
Solution Tools,,http://www.solution-tools.com,solution-tools.com,AMBA,6989 Commerce Ave.,El Paso,TX,79915,(915) 594-0040,Medical; automotive; appliance,Plastic injection mold design & manufacturing; in-house diagnostics; toolmaking & moldmaking; US & Mexico operations; environment & compliance values,,,,25+,,,Yes,,Yes,,,,,,,http://www.solution-tools.com|http://www.solution-tools.com/about/|http://www.solution-tools.com/services/|http://www.solution-tools.com/contact/,8/26/2025 19:44,8/26/2025 19:44,8/26/2025 19:44,
Schweitzer Engineering Laboratories (SEL),,http://www.selinc.com,selinc.com,AMBA,,,,,,Electric power grid; utilities; critical infrastructure,"Generation/transmission solutions; distribution & substation automation; microgrid control; cybersecurity; electronic relays & controllers; turnkey engineering; >7,000 employees; 100% employee-owned; products >250 years MTBF",,,,41,Employee-owned,,,,,,,,,,,http://www.selinc.com|http://www.selinc.com/company/partnership/|http://www.selinc.com/company/values/|http://www.selinc.com/company/history/|http://www.selinc.com/company/sel-employee-ownership/|http://www.selinc.com/company/podcast/,8/26/2025 19:44,8/26/2025 19:44,8/26/2025 19:44,
"AJ Tool & Manufacturing, LLC",,http://www.ajtoolmfg.com,ajtoolmfg.com,AMBA,3026 Beechwood Industrial Ct.,Hubertus,WI,53033,(262) 628-4445,Medical; automotive; marine; communications & electronics; consumer; lawn & garden; packaging; appliance & industrial,Custom tooling & molds; engineering; competitive pricing; flexible in-house design; second-generation family-owned,,,,,Family-owned (2nd gen),,Yes,,Yes,Yes,,,,,,http://www.ajtoolmfg.com,8/26/2025 19:45,8/26/2025 19:45,8/26/2025 19:45,
Apollo Tool Inc.,,http://www.apollo-tool.com,apollo-tool.com,AMBA,,Westfield,WI,,(608) 296-2112,Various (tool & die; plastics),Plastic injection tooling (close tolerance); hot runner; multi-shot; insert; auto-unscrewing; compression; multi-cavity; die-cast; tool engineering & design; 3D modeling & CAD/CAM; prototypes & rapid tooling; emergency mold repair (Mold Medics); family-owned since 1973,,,,52,Family-owned,,Yes,Yes,Yes,Yes,,,,,,http://www.apollo-tool.com|http://www.apollo-tool.com/history.php|http://www.apollo-tool.com/services.php|http://www.apollo-tool.com/contact.php,8/26/2025 19:45,8/26/2025 19:45,8/26/2025 19:45,
Carlson Tool & Manufacturing,,http://www.carlsontool.com,carlsontool.com,AMBA,2020 W57 N14386 Doerr Way,Cedarburg,WI,53012,(800) 532-2252,Automotive; aerospace; medical; industrial; consumer,"Tool design/engineering/manufacturing/tryout/validation; injection molds & repair/refurbishment; gundrilling & deep-hole (to 20 ft, up to 20"" dia); honing (±0.0005"", 4Ra); precision machining (CNC turning/milling/EDM); metrology lab (5 CMMs); ISO 9000",,,,67,Family-owned,,Yes,Yes,Yes,Yes,,Openings listed,,,,http://www.carlsontool.com|https://www.carlsontool.com/careers/|http://www.carlsontool.com/careers/,8/26/2025 19:45,8/26/2025 19:45,8/26/2025 19:45,
CDM Tool & Manufacturing,,http://www.cdmtool.com,cdmtool.com,AMBA,749 North Wacker Drive,Hartford,WI,53027,(262) 673-5620,Automotive; aerospace; medical; consumer; industrial,"Mold making (Class 101–105; structural foam; double-shot; stack; overmold); CNC machining (vertical, horizontal, 5-axis); EDM (sinker & wire); gun drilling; contract machining; prototyping; tool repair & welding; advanced equipment",,,,63,,,Yes,Yes,Yes,,,,,,,http://www.cdmtool.com|http://www.cdmtool.com/Capabilities|http://www.cdmtool.com/Capabilities/5AxisMachining|http://www.cdmtool.com/Capabilities/SinkerEDM|http://www.cdmtool.com/Capabilities/VerticalHorizontalCNC|http://www.cdmtool.com/Capabilities/GunDrilling|http://www.cdmtool.com/Capabilities/Other|http://www.cdmtool.com/Equipment|http://www.cdmtool.com/Equipment/Fooke|http://www.cdmtool.com/Equipment/FPT|http://www.cdmtool.com/Equipment/Haas|http://www.cdmtool.com/Equipment/Toshiba,8/26/2025 19:46,8/26/2025 19:46,8/26/2025 19:46,
Classic Tool & Die,,http://www.classtd.com,classtd.com,AMBA,,,,,,,,Limited public data,,,,,,,,,,,,,,,http://www.classtd.com,8/26/2025 19:47,8/26/2025 19:47,8/26/2025 19:47,
"Compumold Tool & Design, Inc.",,http://www.compumold.com,compumold.com,AMBA,710 S Airport Rd.,Phillips,WI,54555,(715) 339-3000,Automotive; medical; consumer; industrial; electronics,"Small to medium injection molds (7–300T); mold design; EOAT; assembly fixtures; holding nests; prototyping & revisions; CAD/CAM (SolidWorks, Mastercam)",,,,41,,,Yes,,Yes,,,,,,,http://www.compumold.com|http://www.compumold.com/services|http://www.compumold.com/services#Lighting|http://www.compumold.com/services#Wiring|http://www.compumold.com/services#Repair|http://www.compumold.com/about|http://www.compumold.com/contact,8/26/2025 19:47,8/26/2025 19:47,8/26/2025 19:47,
D & S Mold & Tool,,http://www.dsmold.com,dsmold.com,AMBA,,,,,(715) 732-0504,,,"Limited data (assumed mold design, tooling, machining, repair)",,,,,,,,,,,,,,,http://www.dsmold.com,8/26/2025 19:47,8/26/2025 19:47,8/26/2025 19:47,
Dynacast (Form Technologies),,http://www.dynacast.com,dynacast.com,AMBA,,,,,,Automotive; electronics; enterprise tech; hardware; medical; renewable energy & EV,"Precision die casting (aluminum, magnesium, zinc); thin-wall complex geometries; surface finishing (anodizing, e-coating, conversion coatings); scalable global manufacturing; ESG & ISO 14001 initiatives",,,,100+ years brand lineage,,,,,,,,Engineer; Openings listed,,,,http://www.dynacast.com|http://www.dynacast.com/contact-us?form_type=Request%20a%20Quote|http://www.dynacast.com/contact-us|http://www.dynacast.com/industries/autonomous-drone-systems|http://www.dynacast.com/industries|http://www.dynacast.com/contact-us?form_type=Stay%20Connected|http://www.dynacast.com/about-us|http://www.dynacast.com/about-us/sustainability|http://www.dynacast.com/careers,8/26/2025 19:47,8/26/2025 19:47,8/26/2025 19:47,
Dynamic Tool Corporation,,http://www.dyntool.com,dyntool.com,AMBA,6340 W133 N5180 Campbell Drive,Menomonee Falls,WI,53051,(262) 783-6340,Medical; packaging; personal care; industrial; energy; electronics; water management,Prototype/bridge/pilot/production molds (single to 256-cavity & stack); multi-shot; insert; IMD/IML; hot runner; auto-unscrew; collapsible core; DFM; refurbishment/repair/PM; scientific sampling; turnkey systems (robotics/automation/conveyors/custom equipment); conformal cooling & simulation; tolerances to 0.0002",,,,40+,,,Yes,Yes,Yes,,,Moldmaker; Openings listed; Toolmaker,,,,http://www.dyntool.com|https://www.dyntool.com/capabilities|https://www.dyntool.com/capabilities/equipment|https://www.dyntool.com/about|https://www.dyntool.com/careers,8/26/2025 19:48,8/26/2025 19:48,8/26/2025 19:48,
"Innovation Mold and Design, Inc.",,http://www.innovationmold.com,innovationmold.com,AMBA,N118 W18988 Bunsen Drive,Germantown,WI,53022,(262) 251-8201,Automotive; medical; electrical; agricultural; lawn & garden; hardware; consumer; packaging,"Injection, thermoset injection & compression, and diecast molds; custom machining; EDM; contract design; 30,000 sq ft facility; state-of-the-art CAD/CAM; quick turnaround",30000,,,46,,,Yes,Yes,Yes,,,,,,,http://www.innovationmold.com|https://www.innovationmold.com/contact-us/,8/26/2025 19:48,8/26/2025 19:48,8/26/2025 19:48,
Kaysun Corporation,,http://www.kaysun.com,kaysun.com,AMBA,5500 West Drive,Manitowoc,WI,54220,(920) 686-5800,Medical; industrial; automotive & heavy truck; consumer products,"Engineering (DfM, materials, metal-to-plastic conversion); tool building & validation; scientific molding; injection molding (multi-shot, insert, overmolding); in-house quality lab (IQ/OQ/PQ); assembly & automation; ISO 9001:2015; sustainability initiatives",,,,79,Founded 1946,,Yes,Yes,Yes,,,Openings listed,,,,http://www.kaysun.com|https://www.kaysun.com/markets-served|https://www.kaysun.com/about-kaysun-corporation|https://www.kaysun.com/careers|https://www.kaysun.com/contact-us|http://www.kaysun.com/careers|http://www.kaysun.com/markets|http://www.kaysun.com/about-us|http://www.kaysun.com/contact-us,8/26/2025 19:49,8/26/2025 19:49,8/26/2025 19:49,
M&M Tool and Mold,,http://www.mmtoolandmold.com,mmtoolandmold.com,AMBA,3300 Commodity Lane,Green Bay,WI,54304,(920) 336-6474,Medical; consumer; industrial; automotive,Tool & die; concurrent engineering; hot runner; insert molds; die cast tooling; prototype tooling; multi-shot; ITAR/Q-MED/AMBA certified; lights-out automation; award-winning,,,,30,,,Yes,Yes,Yes,,,,,,,http://www.mmtoolandmold.com,8/26/2025 19:49,8/26/2025 19:49,8/26/2025 19:49,
"Master Tool and Mold, Inc.",,http://www.mastertoolandmold.com,mastertoolandmold.com,AMBA,"765 N. 11th Ave., P.O. Box 152",Grafton,WI,53024,(262) 377-8030,Medical; housewares; lawn & garden; recreational; plumbing,"Multi-cavity, close-tolerance molds & dies; new tooling; welding & repair; skilled craftsmanship with CNC precision; founded 1972",,,,53,,,Yes,,Yes,,,,,,,http://www.mastertoolandmold.com|http://www.mastertoolandmold.com/equipment.html|http://www.mastertoolandmold.com/contactus.html,8/26/2025 19:50,8/26/2025 19:50,8/26/2025 19:50,
Mauston Tool Corporation,,https://www.maustontool.com,maustontool.com,AMBA,1015 Parker Drive,Mauston,WI,53948,(608) 847-5162,Medical; consumer; automotive; electronics,Custom injection mold builder; multi-cavity & multi-mold projects; product design assistance; mold sampling & FAI; thermoplastic & LSR tooling; emergency repairs & maintenance; heavy robotics & lights-out; 95% repeat customers,,,,47,,,Yes,Yes,Yes,,,,,,,https://www.maustontool.com/|https://www.maustontool.com/capabilities-2|https://www.maustontool.com/about-us,8/26/2025 19:50,8/26/2025 19:50,8/26/2025 19:50,
Omega Tool,,http://www.omega-tool.com,omega-tool.com,AMBA,,,,,,,,Limited public data,,,,,,,,,,,,,,,http://www.omega-tool.com,8/26/2025 19:51,8/26/2025 19:51,8/26/2025 19:51,
"RAM Tool, Inc.",,http://www.ramtoolinc.com,ramtoolinc.com,AMBA,1420 Cheyenne Ave.,Grafton,WI,53024,(262) 375-3036,Aerospace; automotive; medical; military & defense; oil & gas; mining; agriculture; powersports; wind energy; railroad,"CNC machining (5-axis, large-part to 20 tons); EDM (wire & sinker); prototype tooling; die cast dies; contract milling; laser scanning & reverse engineering; custom inspection machinery; welding & forging; rapid prototyping; 80,000 sq ft; ISO 9001:2015; ITAR",80000,,,46,Family-owned,,Yes,Yes,Yes,Yes,,,,,,http://www.ramtoolinc.com|http://www.ramtoolinc.com/capabilities/contract-milling|http://www.ramtoolinc.com/capabilities/laser-scanning|http://www.ramtoolinc.com/capabilities/die-cast-dies|http://www.ramtoolinc.com/capabilities/prototype-tooling|http://www.ramtoolinc.com/capabilities/custom-inspection|http://www.ramtoolinc.com/industries-served|http://www.ramtoolinc.com/industries-served/aerospace|http://www.ramtoolinc.com/industries-served/agriculture|http://www.ramtoolinc.com/industries-served/automotive|http://www.ramtoolinc.com/industries-served/industrial-equipment|http://www.ramtoolinc.com/industries-served/medical,8/26/2025 19:51,8/26/2025 19:51,8/26/2025 19:51,
Retlaw Industries Inc.,,http://www.retlawindustries.com,retlawindustries.com,AMBA,520 Industrial Drive,Hartland,WI,53029,(888) 412-9188,Fitness; lawn & garden; electronics; construction; appliances; agriculture; food production; warehousing & transportation; automation,"Plastic injection molding; custom tooling & EDM; mold making & precision tooling; assembly & prototyping; design & engineering; 50,000+ sq ft facility; 19 molding machines; ISO 9001:2015; American-made",50000+,,,40+,,,Yes,,Yes,,,,,,,http://www.retlawindustries.com|http://www.retlawindustries.com/ContactPlasticManufacturers|http://www.retlawindustries.com/InjectionMoldingCompany/MarketsServed|http://www.retlawindustries.com/Careers,8/26/2025 19:52,8/26/2025 19:52,8/26/2025 19:52,
Sheridan Mold & Engineering Inc.,,http://www.sheridanmold.com,sheridanmold.com,AMBA,,,,,(414) 481-8203,Automotive; electronics; consumer; industrial,"Injection molding (prototype/bridge/production; overmolding & insert); CNC machining; additive manufacturing; mold design, engineering & sampling; turnkey systems; rapid prototyping; founded 1998",,,,27,,,Yes,,Yes,,,,,,,http://www.sheridanmold.com,8/26/2025 19:53,8/26/2025 19:53,8/26/2025 19:53,
Snider Mold Company,,http://www.snidermold.com,snidermold.com,AMBA,6303 West Industrial Drive,Mequon,WI,53092,(262) 242-0870,Automotive; agriculture; marine; leisure vehicles; seating; housing & construction,Medium to large injection; low-pressure injection; compression molds (SMC/BMC); in-mold trimming; edge wrap; multiple material molds; structural foam & web; contract CNC & sample molding; secondary punch & trim; specialty machinery for assembly/QC/SPC; prototyping?production,,,,40+,,,Yes,,Yes,,,,,,,http://www.snidermold.com|http://www.snidermold.com/about-snider-mold-company.html|http://www.snidermold.com/contact-snider-mold-company.html,8/26/2025 19:53,8/26/2025 19:53,8/26/2025 19:53,
Stellar Mold & Tool,,http://www.stellarmold.com,stellarmold.com,AMBA,20850 West Gale Ave,Galesville,WI,54630,(608) 582-4118,Medical; electronics; aerospace; automotive; consumer products,"Injection mold design/programming; CNC (high-speed, tight tolerance to ±0.0001""); wire & sinker EDM; repair/revision/retooling; laser micro welding; reverse engineering & 3D scanning; shuttle/two-shot/overmolding/high-cavitation/unscrewing; 3D printing & prototyping; 20,000 sq ft; new ownership 2020 with $2M+ upgrades",20000,,,47,,,Yes,Yes,Yes,,,,,,,http://www.stellarmold.com|https://www.stellarmold.com/about/|https://www.stellarmold.com/capabilities/|https://www.stellarmold.com/capabilities/injection-mold-building/|https://www.stellarmold.com/capabilities/injection-mold-repair/|https://www.stellarmold.com/capabilities/micro-welding/|https://www.stellarmold.com/capabilities/precision-machining/|https://www.stellarmold.com/capabilities/reverse-engineering/|https://www.stellarmold.com/capabilities/wire-edm/|https://www.stellarmold.com/capabilities/sinker-edm/|https://www.stellarmold.com/capabilities/additional-services/|https://www.stellarmold.com/careers/,8/26/2025 19:53,8/26/2025 19:53,8/26/2025 19:53,
Triangle Tool LLC,,http://www.triangletoolcorp.com,triangletoolcorp.com,AMBA,8609 W Port Ave,Milwaukee,WI,53224,(414) 357-7117,Automotive; industrial; energy; others,Large mold building; injection molds; specialty machining (broad sizes/configurations); fluid end machining; continuous innovation & partner-oriented approach,,,,,,,Yes,Yes,Yes,,,,,,,http://www.triangletoolcorp.com|http://www.triangletoolcorp.com/capabilities|http://www.triangletoolcorp.com/careers|http://www.triangletoolcorp.com/about|http://www.triangletoolcorp.com/contact-us|http://www.triangletoolcorp.com/contact-6,8/26/2025 19:54,8/26/2025 19:54,8/26/2025 19:54,
